Transaction ID,Customer ID,Category,Item,Price Per Unit,Quantity,Total Spent,Payment Method,Location,Transaction Date,Discount Applied
TXN_6867343,CUST_09,Patisserie,Item_10_PAT,18.5,10.0,185.0,Digital Wallet,Online,2024-04-08,True
TXN_3731986,CUST_22,Milk Products,Item_17_MILK,29.0,9.0,261.0,Digital Wallet,Online,2023-07-23,True
TXN_9303719,CUST_02,Butchers,Item_12_BUT,21.5,2.0,43.0,Credit Card,Online,2022-10-05,False
TXN_9458126,CUST_06,Beverages,Item_16_BEV,27.5,9.0,247.5,Credit Card,Online,2022-05-07,
TXN_4575373,CUST_05,Food,Item_6_FOOD,12.5,7.0,87.5,Digital Wallet,Online,2022-10-02,False
TXN_7482416,CUST_09,Patisserie,,,10.0,200.0,Credit Card,Online,2023-11-30,
TXN_3652209,CUST_07,Food,Item_1_FOOD,5.0,8.0,40.0,Credit Card,In-store,2023-06-10,True
TXN_1372952,CUST_21,Furniture,,33.5,,,Digital Wallet,In-store,2024-04-02,True
TXN_9728486,CUST_23,Furniture,Item_16_FUR,27.5,1.0,27.5,Credit Card,In-store,2023-04-26,False
TXN_2722661,CUST_25,Butchers,Item_22_BUT,36.5,3.0,109.5,Cash,Online,2024-03-14,False
TXN_8776416,CUST_22,Butchers,Item_3_BUT,8.0,9.0,72.0,Cash,In-store,2024-12-14,True
TXN_5422631,CUST_09,Milk Products,,,8.0,52.0,Digital Wallet,In-store,2025-01-12,True
TXN_5874772,CUST_23,Food,Item_2_FOOD,6.5,7.0,45.5,Cash,Online,2023-09-09,True
TXN_4413070,CUST_14,Patisserie,Item_24_PAT,39.5,6.0,237.0,Digital Wallet,In-store,2022-05-20,False
TXN_2490363,CUST_09,Milk Products,Item_16_MILK,27.5,2.0,55.0,Digital Wallet,Online,2022-05-22,
TXN_1809665,CUST_14,Beverages,,24.5,,,Credit Card,In-store,2022-05-11,
TXN_7563311,CUST_23,Patisserie,Item_17_PAT,29.0,8.0,232.0,Cash,Online,2024-11-16,True
TXN_9634894,CUST_15,Milk Products,,,10.0,275.0,Digital Wallet,Online,2022-04-17,
TXN_4396807,CUST_17,Electric household essentials,Item_13_EHE,23.0,1.0,23.0,Digital Wallet,In-store,2022-02-07,False
TXN_4206593,CUST_01,Furniture,,35.0,,,Digital Wallet,Online,2025-01-13,False
TXN_9939063,CUST_14,Beverages,Item_7_BEV,14.0,9.0,126.0,Digital Wallet,In-store,2024-01-14,
TXN_8685338,CUST_15,Milk Products,,,3.0,105.0,Credit Card,In-store,2023-10-29,
TXN_6547964,CUST_10,Electric household essentials,Item_4_EHE,9.5,7.0,66.5,Cash,In-store,2022-08-15,
TXN_3314099,CUST_04,Food,Item_10_FOOD,18.5,1.0,18.5,Cash,Online,2023-09-30,False
TXN_9980736,CUST_13,Furniture,Item_14_FUR,24.5,2.0,49.0,Cash,Online,2023-08-29,False
TXN_3481599,CUST_05,Furniture,,39.5,,,Cash,Online,2022-09-08,False
TXN_9057609,CUST_18,Butchers,Item_20_BUT,33.5,4.0,134.0,Credit Card,In-store,2022-03-16,True
TXN_1599706,CUST_14,Furniture,Item_25_FUR,41.0,10.0,410.0,Credit Card,In-store,2024-03-24,True
TXN_1598860,CUST_08,Food,Item_14_FOOD,24.5,10.0,245.0,Cash,In-store,2022-10-23,True
TXN_7138501,CUST_18,Patisserie,Item_22_PAT,36.5,5.0,182.5,Credit Card,In-store,2022-03-10,False
TXN_5444504,CUST_05,Food,Item_11_FOOD,20.0,10.0,200.0,Digital Wallet,Online,2022-04-26,False
TXN_4353295,CUST_22,Patisserie,Item_6_PAT,12.5,8.0,100.0,Credit Card,Online,2022-04-05,True
TXN_1543244,CUST_20,Food,,,8.0,196.0,Credit Card,Online,2024-10-25,True
TXN_1494700,CUST_12,Electric household essentials,Item_21_EHE,35.0,9.0,315.0,Credit Card,In-store,2024-03-07,
TXN_1621497,CUST_06,Patisserie,,23.0,,,Cash,In-store,2023-02-18,
TXN_6398436,CUST_15,Beverages,Item_25_BEV,41.0,7.0,287.0,Credit Card,In-store,2024-06-03,True
TXN_9065245,CUST_02,Food,Item_23_FOOD,38.0,2.0,76.0,Digital Wallet,In-store,2024-03-10,False
TXN_6963438,CUST_11,Furniture,Item_10_FUR,18.5,5.0,92.5,Credit Card,Online,2024-04-23,True
TXN_8312797,CUST_14,Beverages,Item_11_BEV,20.0,5.0,100.0,Digital Wallet,Online,2022-06-03,
TXN_5836005,CUST_19,Butchers,Item_23_BUT,38.0,5.0,190.0,Credit Card,In-store,2024-10-19,False
TXN_4223250,CUST_16,Beverages,Item_22_BEV,36.5,7.0,255.5,Cash,Online,2023-05-31,True
TXN_1019817,CUST_16,Electric household essentials,Item_10_EHE,18.5,5.0,92.5,Cash,Online,2022-08-01,
TXN_1110407,CUST_25,Butchers,Item_24_BUT,39.5,7.0,276.5,Digital Wallet,In-store,2022-10-21,
TXN_6276518,CUST_24,Beverages,Item_8_BEV,15.5,3.0,46.5,Cash,In-store,2024-04-08,
TXN_4740738,CUST_25,Food,Item_3_FOOD,8.0,1.0,8.0,Digital Wallet,In-store,2022-04-19,
TXN_9587232,CUST_20,Food,Item_12_FOOD,21.5,5.0,107.5,Digital Wallet,Online,2023-02-28,True
TXN_6404316,CUST_04,Computers and electric accessories,Item_16_CEA,27.5,6.0,165.0,Credit Card,Online,2022-04-06,False
TXN_9331642,CUST_12,Patisserie,Item_11_PAT,20.0,4.0,80.0,Credit Card,Online,2022-07-06,True
TXN_9729422,CUST_13,Butchers,Item_16_BUT,27.5,6.0,165.0,Credit Card,Online,2024-12-31,True
TXN_8425168,CUST_25,Milk Products,Item_16_MILK,27.5,7.0,192.5,Cash,In-store,2022-03-12,
TXN_5379241,CUST_05,Butchers,Item_20_BUT,33.5,10.0,335.0,Credit Card,In-store,2023-04-12,False
TXN_8413369,CUST_23,Computers and electric accessories,Item_5_CEA,11.0,6.0,66.0,Credit Card,Online,2024-03-09,True
TXN_4836321,CUST_21,Food,Item_12_FOOD,21.5,10.0,215.0,Digital Wallet,In-store,2023-01-14,False
TXN_9451794,CUST_24,Milk Products,Item_19_MILK,32.0,3.0,96.0,Credit Card,Online,2024-01-28,
TXN_8218431,CUST_01,Furniture,Item_23_FUR,38.0,5.0,190.0,Digital Wallet,Online,2023-04-29,False
TXN_2383377,CUST_15,Furniture,Item_7_FUR,14.0,3.0,42.0,Digital Wallet,In-store,2023-04-02,
TXN_7909783,CUST_12,Computers and electric accessories,Item_5_CEA,11.0,1.0,11.0,Credit Card,Online,2023-12-17,True
TXN_5046007,CUST_07,Computers and electric accessories,Item_15_CEA,26.0,9.0,234.0,Cash,Online,2024-07-22,True
TXN_6966182,CUST_02,Furniture,Item_16_FUR,27.5,9.0,247.5,Cash,Online,2024-09-06,
TXN_3424571,CUST_09,Milk Products,Item_6_MILK,12.5,7.0,87.5,Credit Card,Online,2023-01-13,False
TXN_6820452,CUST_10,Computers and electric accessories,Item_24_CEA,39.5,8.0,316.0,Credit Card,In-store,2023-04-18,False
TXN_1998771,CUST_25,Milk Products,Item_16_MILK,27.5,3.0,82.5,Digital Wallet,Online,2024-11-07,True
TXN_1132097,CUST_24,Patisserie,Item_11_PAT,20.0,9.0,180.0,Credit Card,In-store,2023-05-18,True
TXN_5418871,CUST_04,Computers and electric accessories,Item_22_CEA,36.5,7.0,255.5,Cash,In-store,2022-03-16,False
TXN_6952276,CUST_01,Food,Item_22_FOOD,36.5,10.0,365.0,Credit Card,Online,2024-08-02,True
TXN_6340470,CUST_17,Butchers,Item_2_BUT,6.5,6.0,39.0,Credit Card,In-store,2022-10-12,
TXN_5885894,CUST_01,Patisserie,Item_14_PAT,24.5,10.0,245.0,Credit Card,In-store,2022-02-09,False
TXN_3671271,CUST_18,Patisserie,Item_12_PAT,21.5,8.0,172.0,Cash,In-store,2023-11-27,False
TXN_2719047,CUST_03,Butchers,Item_20_BUT,33.5,4.0,134.0,Credit Card,Online,2023-11-21,
TXN_9908330,CUST_19,Food,Item_18_FOOD,30.5,4.0,122.0,Credit Card,Online,2022-09-29,True
TXN_2016332,CUST_17,Patisserie,Item_1_PAT,5.0,6.0,30.0,Digital Wallet,Online,2022-12-17,True
TXN_7363165,CUST_25,Beverages,Item_4_BEV,9.5,7.0,66.5,Digital Wallet,In-store,2023-03-25,
TXN_1260450,CUST_25,Furniture,Item_22_FUR,36.5,10.0,365.0,Digital Wallet,In-store,2023-12-24,True
TXN_6315447,CUST_21,Patisserie,Item_7_PAT,14.0,9.0,126.0,Digital Wallet,In-store,2025-01-12,False
TXN_5973228,CUST_12,Beverages,Item_7_BEV,14.0,6.0,84.0,Digital Wallet,Online,2023-12-25,True
TXN_2780662,CUST_02,Milk Products,Item_19_MILK,32.0,10.0,320.0,Digital Wallet,In-store,2023-01-19,
TXN_1142481,CUST_02,Beverages,Item_22_BEV,36.5,6.0,219.0,Cash,In-store,2023-02-07,True
TXN_3933685,CUST_09,Computers and electric accessories,Item_20_CEA,33.5,10.0,335.0,Credit Card,Online,2022-04-15,
TXN_8955685,CUST_24,Food,Item_20_FOOD,33.5,2.0,67.0,Digital Wallet,Online,2023-04-24,
TXN_1061030,CUST_20,Computers and electric accessories,Item_22_CEA,36.5,4.0,146.0,Digital Wallet,Online,2024-07-14,True
TXN_7821493,CUST_07,Patisserie,Item_17_PAT,29.0,10.0,290.0,Credit Card,In-store,2024-12-17,
TXN_8114453,CUST_10,Electric household essentials,Item_21_EHE,35.0,2.0,70.0,Digital Wallet,In-store,2023-05-09,False
TXN_8024803,CUST_09,Furniture,Item_11_FUR,20.0,8.0,160.0,Digital Wallet,In-store,2024-08-22,False
TXN_4532214,CUST_25,Patisserie,,15.5,,,Credit Card,In-store,2024-03-25,False
TXN_5062634,CUST_04,Patisserie,Item_25_PAT,41.0,2.0,82.0,Credit Card,Online,2023-07-06,True
TXN_8244728,CUST_08,Food,Item_7_FOOD,14.0,1.0,14.0,Credit Card,In-store,2024-04-27,
TXN_3858145,CUST_17,Furniture,Item_21_FUR,35.0,3.0,105.0,Digital Wallet,Online,2023-04-01,
TXN_2646301,CUST_18,Furniture,Item_24_FUR,39.5,9.0,355.5,Credit Card,In-store,2022-12-07,False
TXN_2414530,CUST_24,Milk Products,Item_8_MILK,15.5,8.0,124.0,Cash,Online,2024-06-20,
TXN_8322008,CUST_22,Food,Item_4_FOOD,9.5,3.0,28.5,Cash,In-store,2024-08-20,False
TXN_3035546,CUST_19,Beverages,Item_14_BEV,24.5,2.0,49.0,Credit Card,In-store,2023-07-12,True
TXN_7296720,CUST_18,Patisserie,Item_4_PAT,9.5,5.0,47.5,Cash,Online,2024-09-12,
TXN_8414071,CUST_20,Patisserie,Item_12_PAT,21.5,9.0,193.5,Cash,In-store,2023-05-02,True
TXN_5705131,CUST_19,Milk Products,Item_4_MILK,9.5,4.0,38.0,Digital Wallet,Online,2024-03-27,True
TXN_5938028,CUST_18,Computers and electric accessories,Item_7_CEA,14.0,1.0,14.0,Digital Wallet,Online,2023-02-20,True
TXN_1958345,CUST_08,Electric household essentials,Item_4_EHE,9.5,8.0,76.0,Cash,In-store,2024-06-28,
TXN_1528585,CUST_15,Electric household essentials,Item_6_EHE,12.5,1.0,12.5,Credit Card,In-store,2024-09-17,
TXN_9619859,CUST_01,Butchers,Item_21_BUT,35.0,4.0,140.0,Cash,In-store,2024-04-05,False
TXN_6158929,CUST_21,Food,Item_11_FOOD,20.0,6.0,120.0,Cash,Online,2022-01-29,True
TXN_7209607,CUST_25,Food,Item_18_FOOD,30.5,6.0,183.0,Credit Card,In-store,2023-08-25,
TXN_5328604,CUST_07,Food,Item_20_FOOD,33.5,10.0,335.0,Cash,Online,2024-07-08,False
TXN_4324641,CUST_01,Patisserie,Item_16_PAT,27.5,6.0,165.0,Cash,In-store,2023-11-07,False
TXN_9464391,CUST_04,Food,Item_18_FOOD,30.5,10.0,305.0,Cash,Online,2023-11-17,
TXN_2940500,CUST_06,Computers and electric accessories,Item_25_CEA,41.0,1.0,41.0,Cash,In-store,2024-11-05,False
TXN_1945960,CUST_09,Butchers,Item_8_BUT,15.5,10.0,155.0,Digital Wallet,In-store,2023-04-06,False
TXN_8219228,CUST_17,Computers and electric accessories,Item_10_CEA,18.5,5.0,92.5,Cash,Online,2022-05-27,False
TXN_5471094,CUST_14,Butchers,Item_2_BUT,6.5,3.0,19.5,Digital Wallet,In-store,2022-08-24,False
TXN_9255329,CUST_01,Furniture,Item_25_FUR,41.0,7.0,287.0,Digital Wallet,In-store,2022-03-02,False
TXN_9279462,CUST_25,Furniture,Item_5_FUR,11.0,3.0,33.0,Credit Card,In-store,2022-02-05,False
TXN_7956502,CUST_06,Butchers,Item_8_BUT,15.5,7.0,108.5,Credit Card,In-store,2024-04-30,
TXN_1352831,CUST_04,Food,Item_22_FOOD,36.5,3.0,109.5,Credit Card,Online,2023-10-31,
TXN_4372655,CUST_08,Food,Item_9_FOOD,17.0,7.0,119.0,Cash,In-store,2024-11-03,False
TXN_5419965,CUST_23,Computers and electric accessories,,20.0,,,Digital Wallet,Online,2024-01-16,False
TXN_7655704,CUST_11,Computers and electric accessories,Item_21_CEA,35.0,8.0,280.0,Digital Wallet,Online,2022-08-08,True
TXN_8210621,CUST_03,Beverages,,39.5,,,Digital Wallet,Online,2024-01-03,False
TXN_6908058,CUST_25,Computers and electric accessories,Item_8_CEA,15.5,10.0,155.0,Cash,In-store,2023-07-22,False
TXN_9204828,CUST_07,Computers and electric accessories,Item_25_CEA,41.0,7.0,287.0,Cash,Online,2022-03-05,
TXN_3208232,CUST_25,Electric household essentials,Item_8_EHE,15.5,4.0,62.0,Digital Wallet,In-store,2024-01-13,False
TXN_8586300,CUST_11,Computers and electric accessories,,27.5,,,Credit Card,Online,2022-02-08,False
TXN_2212643,CUST_09,Food,Item_3_FOOD,8.0,4.0,32.0,Credit Card,In-store,2022-12-29,False
TXN_8215469,CUST_17,Milk Products,Item_23_MILK,38.0,10.0,380.0,Digital Wallet,In-store,2024-03-16,
TXN_3403695,CUST_25,Beverages,Item_23_BEV,38.0,8.0,304.0,Cash,Online,2024-09-27,True
TXN_2878134,CUST_18,Butchers,Item_8_BUT,15.5,9.0,139.5,Credit Card,In-store,2024-05-10,
TXN_3123571,CUST_15,Furniture,Item_23_FUR,38.0,3.0,114.0,Digital Wallet,Online,2022-08-07,
TXN_9940030,CUST_25,Beverages,Item_19_BEV,32.0,6.0,192.0,Credit Card,In-store,2022-01-19,True
TXN_6195024,CUST_13,Beverages,Item_20_BEV,33.5,5.0,167.5,Cash,Online,2024-08-09,False
TXN_5243520,CUST_13,Patisserie,Item_10_PAT,18.5,5.0,92.5,Cash,In-store,2024-05-16,False
TXN_4608122,CUST_21,Butchers,,,10.0,275.0,Digital Wallet,Online,2022-10-01,False
TXN_6923419,CUST_17,Furniture,Item_5_FUR,11.0,8.0,88.0,Digital Wallet,Online,2022-06-28,False
TXN_1112365,CUST_19,Food,Item_24_FOOD,39.5,10.0,395.0,Cash,Online,2023-09-24,
TXN_6989569,CUST_11,Milk Products,Item_21_MILK,35.0,2.0,70.0,Credit Card,In-store,2022-01-17,False
TXN_5647023,CUST_12,Furniture,Item_24_FUR,39.5,4.0,158.0,Digital Wallet,In-store,2022-04-14,True
TXN_8049831,CUST_18,Beverages,Item_6_BEV,12.5,2.0,25.0,Cash,In-store,2023-01-05,False
TXN_2953434,CUST_25,Furniture,Item_25_FUR,41.0,10.0,410.0,Credit Card,In-store,2023-08-10,
TXN_3831408,CUST_18,Milk Products,Item_1_MILK,5.0,10.0,50.0,Digital Wallet,Online,2022-02-11,True
TXN_1249742,CUST_05,Milk Products,Item_24_MILK,39.5,10.0,395.0,Digital Wallet,Online,2024-03-21,
TXN_4633046,CUST_13,Computers and electric accessories,Item_2_CEA,6.5,5.0,32.5,Digital Wallet,Online,2023-08-25,
TXN_3519817,CUST_22,Butchers,Item_18_BUT,30.5,4.0,122.0,Digital Wallet,Online,2022-06-14,True
TXN_1154680,CUST_25,Furniture,,35.0,,,Credit Card,Online,2022-12-18,False
TXN_9177662,CUST_15,Furniture,,24.5,,,Cash,In-store,2024-09-30,True
TXN_4801202,CUST_16,Furniture,Item_1_FUR,5.0,3.0,15.0,Digital Wallet,Online,2024-05-31,False
TXN_6149882,CUST_09,Beverages,Item_20_BEV,33.5,1.0,33.5,Credit Card,Online,2023-01-22,
TXN_8809000,CUST_23,Milk Products,Item_3_MILK,8.0,3.0,24.0,Cash,In-store,2023-01-10,
TXN_5008001,CUST_03,Electric household essentials,Item_10_EHE,18.5,6.0,111.0,Credit Card,Online,2024-11-04,
TXN_5111184,CUST_19,Milk Products,Item_11_MILK,20.0,6.0,120.0,Credit Card,Online,2024-07-18,True
TXN_1499774,CUST_07,Butchers,Item_3_BUT,8.0,5.0,40.0,Credit Card,In-store,2022-12-15,True
TXN_2565828,CUST_21,Food,Item_24_FOOD,39.5,10.0,395.0,Credit Card,Online,2022-02-18,False
TXN_6312937,CUST_14,Computers and electric accessories,Item_13_CEA,23.0,2.0,46.0,Digital Wallet,In-store,2024-02-09,False
TXN_8775503,CUST_08,Computers and electric accessories,Item_6_CEA,12.5,2.0,25.0,Digital Wallet,In-store,2024-10-11,False
TXN_3541663,CUST_25,Furniture,Item_2_FUR,6.5,5.0,32.5,Digital Wallet,In-store,2023-07-19,
TXN_4947386,CUST_13,Food,Item_18_FOOD,30.5,10.0,305.0,Cash,Online,2024-11-12,False
TXN_4276451,CUST_17,Beverages,Item_22_BEV,36.5,1.0,36.5,Credit Card,Online,2024-05-27,False
TXN_3380295,CUST_08,Beverages,Item_6_BEV,12.5,5.0,62.5,Cash,Online,2023-02-08,False
TXN_1390866,CUST_09,Patisserie,Item_6_PAT,12.5,2.0,25.0,Digital Wallet,In-store,2024-03-30,
TXN_8616546,CUST_09,Beverages,Item_21_BEV,35.0,8.0,280.0,Credit Card,Online,2023-04-01,True
TXN_1804192,CUST_20,Furniture,Item_8_FUR,15.5,9.0,139.5,Cash,Online,2024-06-07,
TXN_5046818,CUST_02,Butchers,Item_22_BUT,36.5,6.0,219.0,Digital Wallet,In-store,2024-07-03,False
TXN_4626993,CUST_24,Butchers,Item_13_BUT,23.0,7.0,161.0,Credit Card,Online,2023-08-23,False
TXN_5256349,CUST_25,Beverages,Item_2_BEV,6.5,4.0,26.0,Digital Wallet,Online,2022-09-27,False
TXN_3822751,CUST_21,Butchers,,,9.0,126.0,Digital Wallet,In-store,2024-03-04,False
TXN_1882210,CUST_13,Food,Item_14_FOOD,24.5,4.0,98.0,Digital Wallet,In-store,2022-03-02,
TXN_9209383,CUST_12,Electric household essentials,Item_7_EHE,14.0,9.0,126.0,Credit Card,In-store,2024-09-16,False
TXN_2196324,CUST_11,Butchers,Item_21_BUT,35.0,9.0,315.0,Cash,In-store,2024-02-08,True
TXN_7020797,CUST_22,Food,Item_9_FOOD,17.0,5.0,85.0,Digital Wallet,In-store,2024-04-20,False
TXN_7594834,CUST_22,Furniture,Item_25_FUR,41.0,1.0,41.0,Credit Card,In-store,2024-03-16,False
TXN_3229559,CUST_02,Beverages,Item_7_BEV,14.0,9.0,126.0,Digital Wallet,Online,2022-12-02,True
TXN_1336269,CUST_19,Beverages,Item_7_BEV,14.0,6.0,84.0,Digital Wallet,Online,2024-12-25,
TXN_2479337,CUST_10,Patisserie,Item_25_PAT,41.0,7.0,287.0,Credit Card,In-store,2023-08-05,
TXN_8784273,CUST_25,Computers and electric accessories,Item_14_CEA,24.5,4.0,98.0,Cash,In-store,2022-05-02,
TXN_7771182,CUST_10,Electric household essentials,Item_19_EHE,32.0,6.0,192.0,Credit Card,In-store,2022-01-20,
TXN_1132339,CUST_01,Beverages,Item_11_BEV,20.0,4.0,80.0,Credit Card,Online,2023-07-12,
TXN_8283332,CUST_16,Beverages,Item_23_BEV,38.0,6.0,228.0,Cash,Online,2023-11-13,False
TXN_9496190,CUST_18,Computers and electric accessories,Item_18_CEA,30.5,3.0,91.5,Cash,Online,2024-02-24,
TXN_5205620,CUST_17,Patisserie,Item_11_PAT,20.0,7.0,140.0,Cash,In-store,2023-06-26,True
TXN_4448047,CUST_03,Milk Products,Item_8_MILK,15.5,6.0,93.0,Credit Card,Online,2022-06-15,False
TXN_2163190,CUST_20,Patisserie,Item_16_PAT,27.5,2.0,55.0,Digital Wallet,Online,2022-05-30,True
TXN_3338914,CUST_16,Food,Item_20_FOOD,33.5,10.0,335.0,Digital Wallet,Online,2024-05-29,False
TXN_8959624,CUST_09,Milk Products,Item_1_MILK,5.0,7.0,35.0,Digital Wallet,Online,2024-12-18,False
TXN_1821423,CUST_22,Furniture,Item_25_FUR,41.0,2.0,82.0,Credit Card,Online,2022-01-13,
TXN_1175914,CUST_13,Butchers,,23.0,,,Cash,In-store,2023-05-19,False
TXN_9760482,CUST_07,Computers and electric accessories,Item_11_CEA,20.0,9.0,180.0,Digital Wallet,In-store,2023-01-06,True
TXN_8460432,CUST_15,Furniture,Item_5_FUR,11.0,8.0,88.0,Digital Wallet,Online,2022-02-05,
TXN_9610555,CUST_15,Beverages,,6.5,,,Cash,In-store,2022-11-15,False
TXN_8136588,CUST_07,Milk Products,Item_16_MILK,27.5,7.0,192.5,Digital Wallet,In-store,2022-10-24,False
TXN_6630594,CUST_07,Milk Products,Item_3_MILK,8.0,5.0,40.0,Cash,In-store,2023-12-03,
TXN_4844684,CUST_20,Butchers,Item_20_BUT,33.5,5.0,167.5,Digital Wallet,Online,2022-07-23,False
TXN_9882772,CUST_09,Furniture,Item_17_FUR,29.0,9.0,261.0,Cash,Online,2023-08-07,True
TXN_2611065,CUST_04,Milk Products,Item_15_MILK,26.0,8.0,208.0,Cash,In-store,2023-02-05,
TXN_9896056,CUST_10,Electric household essentials,Item_20_EHE,33.5,3.0,100.5,Digital Wallet,Online,2022-12-29,True
TXN_2749184,CUST_24,Food,Item_20_FOOD,33.5,5.0,167.5,Credit Card,Online,2023-04-18,
TXN_3135312,CUST_11,Electric household essentials,Item_16_EHE,27.5,10.0,275.0,Cash,Online,2022-09-27,True
TXN_4879766,CUST_13,Computers and electric accessories,Item_20_CEA,33.5,4.0,134.0,Digital Wallet,Online,2023-06-03,False
TXN_5822350,CUST_16,Electric household essentials,Item_23_EHE,38.0,1.0,38.0,Cash,In-store,2022-03-21,True
TXN_2755139,CUST_21,Milk Products,Item_4_MILK,9.5,1.0,9.5,Digital Wallet,Online,2023-12-19,False
TXN_1484334,CUST_01,Butchers,Item_7_BUT,14.0,3.0,42.0,Cash,Online,2023-03-19,
TXN_3557526,CUST_21,Computers and electric accessories,Item_16_CEA,27.5,9.0,247.5,Digital Wallet,In-store,2023-12-25,
TXN_8960682,CUST_25,Electric household essentials,Item_1_EHE,5.0,2.0,10.0,Cash,Online,2023-06-10,False
TXN_8973416,CUST_13,Butchers,Item_13_BUT,23.0,6.0,138.0,Cash,In-store,2022-09-10,True
TXN_5487046,CUST_22,Computers and electric accessories,Item_19_CEA,32.0,9.0,288.0,Cash,Online,2022-06-06,False
TXN_5945222,CUST_04,Butchers,Item_20_BUT,33.5,5.0,167.5,Digital Wallet,In-store,2024-08-11,False
TXN_1334483,CUST_17,Computers and electric accessories,Item_11_CEA,20.0,3.0,60.0,Cash,Online,2023-07-17,False
TXN_8777313,CUST_20,Food,Item_25_FOOD,41.0,3.0,123.0,Digital Wallet,In-store,2023-04-20,False
TXN_2690179,CUST_12,Electric household essentials,Item_12_EHE,21.5,2.0,43.0,Digital Wallet,In-store,2023-09-09,True
TXN_2795990,CUST_03,Electric household essentials,Item_22_EHE,36.5,2.0,73.0,Digital Wallet,In-store,2024-07-15,False
TXN_1402493,CUST_24,Furniture,Item_24_FUR,39.5,5.0,197.5,Credit Card,In-store,2024-11-27,
TXN_2438514,CUST_15,Patisserie,Item_13_PAT,23.0,3.0,69.0,Digital Wallet,Online,2024-02-13,True
TXN_6229786,CUST_04,Food,Item_18_FOOD,30.5,2.0,61.0,Cash,In-store,2022-01-20,False
TXN_6490151,CUST_08,Computers and electric accessories,Item_21_CEA,35.0,4.0,140.0,Digital Wallet,In-store,2024-10-17,False
TXN_9331694,CUST_13,Computers and electric accessories,Item_2_CEA,6.5,8.0,52.0,Credit Card,Online,2023-12-09,False
TXN_8547389,CUST_11,Electric household essentials,Item_17_EHE,29.0,4.0,116.0,Cash,Online,2022-05-26,False
TXN_7324151,CUST_16,Computers and electric accessories,Item_21_CEA,35.0,2.0,70.0,Credit Card,In-store,2024-08-30,False
TXN_1588276,CUST_20,Butchers,Item_8_BUT,15.5,3.0,46.5,Digital Wallet,In-store,2022-10-08,
TXN_6590263,CUST_14,Patisserie,Item_1_PAT,5.0,7.0,35.0,Digital Wallet,Online,2024-12-11,False
TXN_2251132,CUST_20,Food,Item_6_FOOD,12.5,4.0,50.0,Cash,Online,2024-07-15,False
TXN_1048755,CUST_05,Butchers,Item_25_BUT,41.0,3.0,123.0,Credit Card,Online,2024-10-06,True
TXN_2530704,CUST_25,Butchers,Item_23_BUT,38.0,2.0,76.0,Digital Wallet,In-store,2024-01-04,False
TXN_7804271,CUST_22,Patisserie,,,8.0,40.0,Cash,Online,2023-02-10,
TXN_6926974,CUST_22,Computers and electric accessories,Item_4_CEA,9.5,5.0,47.5,Credit Card,Online,2024-10-16,
TXN_1722933,CUST_20,Computers and electric accessories,Item_21_CEA,35.0,7.0,245.0,Cash,Online,2023-08-12,False
TXN_5846723,CUST_05,Patisserie,Item_10_PAT,18.5,3.0,55.5,Cash,In-store,2024-01-28,False
TXN_8759839,CUST_10,Milk Products,Item_2_MILK,6.5,1.0,6.5,Digital Wallet,Online,2024-06-03,False
TXN_1747548,CUST_04,Beverages,Item_25_BEV,41.0,2.0,82.0,Digital Wallet,Online,2024-11-06,
TXN_2202698,CUST_16,Milk Products,Item_8_MILK,15.5,6.0,93.0,Digital Wallet,In-store,2022-08-18,False
TXN_7296074,CUST_23,Computers and electric accessories,Item_18_CEA,30.5,5.0,152.5,Credit Card,Online,2022-10-09,True
TXN_8786633,CUST_16,Patisserie,Item_24_PAT,39.5,3.0,118.5,Credit Card,Online,2022-09-14,
TXN_4174281,CUST_19,Butchers,Item_1_BUT,5.0,7.0,35.0,Digital Wallet,In-store,2023-04-18,
TXN_3866783,CUST_12,Food,Item_25_FOOD,41.0,3.0,123.0,Credit Card,In-store,2022-03-27,False
TXN_9048177,CUST_08,Patisserie,Item_6_PAT,12.5,2.0,25.0,Digital Wallet,In-store,2023-11-03,False
TXN_8842339,CUST_22,Beverages,Item_12_BEV,21.5,8.0,172.0,Digital Wallet,In-store,2023-05-14,False
TXN_6288602,CUST_12,Butchers,Item_21_BUT,35.0,8.0,280.0,Credit Card,In-store,2023-11-28,True
TXN_3805794,CUST_05,Butchers,Item_23_BUT,38.0,5.0,190.0,Credit Card,Online,2024-08-29,
TXN_5488509,CUST_21,Butchers,Item_16_BUT,27.5,7.0,192.5,Digital Wallet,Online,2022-02-12,False
TXN_1811555,CUST_15,Food,,30.5,,,Cash,Online,2023-07-31,
TXN_4878744,CUST_02,Electric household essentials,Item_10_EHE,18.5,4.0,74.0,Digital Wallet,Online,2022-06-26,
TXN_9246169,CUST_14,Electric household essentials,,38.0,,,Cash,Online,2023-08-16,False
TXN_3303186,CUST_06,Food,Item_5_FOOD,11.0,6.0,66.0,Credit Card,In-store,2022-06-10,
TXN_8503614,CUST_12,Electric household essentials,Item_21_EHE,35.0,3.0,105.0,Credit Card,Online,2022-12-14,True
TXN_7214951,CUST_04,Beverages,Item_25_BEV,41.0,5.0,205.0,Cash,In-store,2023-10-12,
TXN_7423171,CUST_21,Food,Item_12_FOOD,21.5,7.0,150.5,Digital Wallet,In-store,2024-09-13,False
TXN_1583510,CUST_11,Computers and electric accessories,Item_5_CEA,11.0,10.0,110.0,Cash,Online,2024-01-29,
TXN_7443511,CUST_08,Milk Products,Item_1_MILK,5.0,2.0,10.0,Digital Wallet,Online,2023-05-07,True
TXN_4394615,CUST_20,Milk Products,Item_4_MILK,9.5,2.0,19.0,Credit Card,In-store,2024-10-20,False
TXN_3755291,CUST_09,Milk Products,Item_2_MILK,6.5,1.0,6.5,Cash,Online,2022-11-15,
TXN_3557501,CUST_08,Food,Item_3_FOOD,8.0,6.0,48.0,Credit Card,In-store,2024-01-10,False
TXN_9827245,CUST_02,Electric household essentials,Item_21_EHE,35.0,5.0,175.0,Digital Wallet,Online,2022-04-12,False
TXN_3187729,CUST_18,Electric household essentials,Item_25_EHE,41.0,9.0,369.0,Digital Wallet,In-store,2024-06-25,
TXN_9667841,CUST_11,Patisserie,Item_22_PAT,36.5,7.0,255.5,Digital Wallet,Online,2024-06-05,
TXN_3433195,CUST_24,Electric household essentials,,,7.0,150.5,Cash,Online,2023-03-30,
TXN_4731761,CUST_17,Beverages,Item_6_BEV,12.5,3.0,37.5,Credit Card,In-store,2024-08-19,False
TXN_6339738,CUST_25,Butchers,Item_12_BUT,21.5,7.0,150.5,Credit Card,In-store,2022-04-01,
TXN_8912717,CUST_05,Milk Products,Item_2_MILK,6.5,10.0,65.0,Credit Card,In-store,2022-07-28,
TXN_9840878,CUST_07,Computers and electric accessories,Item_9_CEA,17.0,10.0,170.0,Digital Wallet,In-store,2023-10-17,
TXN_8186195,CUST_20,Beverages,Item_8_BEV,15.5,5.0,77.5,Digital Wallet,Online,2023-02-19,True
TXN_9410785,CUST_24,Furniture,,12.5,,,Digital Wallet,Online,2024-01-14,False
TXN_1536301,CUST_14,Food,Item_10_FOOD,18.5,7.0,129.5,Cash,In-store,2023-06-12,False
TXN_6001621,CUST_15,Furniture,Item_8_FUR,15.5,1.0,15.5,Credit Card,In-store,2022-10-09,
TXN_2077907,CUST_16,Furniture,Item_14_FUR,24.5,1.0,24.5,Digital Wallet,In-store,2022-06-20,
TXN_6429566,CUST_01,Milk Products,Item_24_MILK,39.5,3.0,118.5,Cash,Online,2023-03-08,
TXN_4476611,CUST_13,Food,Item_14_FOOD,24.5,6.0,147.0,Credit Card,Online,2023-03-01,True
TXN_9130896,CUST_03,Food,,20.0,,,Digital Wallet,In-store,2022-05-17,
TXN_4547031,CUST_18,Patisserie,Item_6_PAT,12.5,3.0,37.5,Cash,In-store,2024-03-27,False
TXN_6923046,CUST_11,Butchers,Item_12_BUT,21.5,1.0,21.5,Credit Card,Online,2023-08-22,False
TXN_5461118,CUST_03,Butchers,Item_8_BUT,15.5,3.0,46.5,Credit Card,In-store,2024-08-20,True
TXN_8574406,CUST_16,Furniture,Item_8_FUR,15.5,5.0,77.5,Credit Card,In-store,2024-05-23,True
TXN_4459526,CUST_11,Milk Products,Item_3_MILK,8.0,9.0,72.0,Cash,In-store,2022-01-03,False
TXN_9538956,CUST_10,Computers and electric accessories,Item_5_CEA,11.0,5.0,55.0,Cash,In-store,2022-02-22,
TXN_7160998,CUST_13,Computers and electric accessories,Item_1_CEA,5.0,7.0,35.0,Credit Card,Online,2022-02-08,True
TXN_6906173,CUST_02,Patisserie,Item_7_PAT,14.0,7.0,98.0,Cash,Online,2024-11-04,
TXN_3317964,CUST_25,Milk Products,Item_8_MILK,15.5,2.0,31.0,Digital Wallet,In-store,2024-07-01,
TXN_4654673,CUST_20,Butchers,Item_23_BUT,38.0,1.0,38.0,Cash,In-store,2024-09-14,
TXN_9684703,CUST_15,Computers and electric accessories,Item_6_CEA,12.5,1.0,12.5,Digital Wallet,In-store,2024-02-05,False
TXN_7571093,CUST_17,Milk Products,,,9.0,99.0,Digital Wallet,In-store,2022-11-18,
TXN_1130823,CUST_13,Computers and electric accessories,Item_9_CEA,17.0,10.0,170.0,Credit Card,In-store,2024-11-02,
TXN_2655759,CUST_23,Furniture,Item_25_FUR,41.0,3.0,123.0,Cash,In-store,2024-09-18,
TXN_8878269,CUST_05,Computers and electric accessories,Item_19_CEA,32.0,4.0,128.0,Cash,In-store,2024-12-08,False
TXN_5481124,CUST_03,Furniture,Item_15_FUR,26.0,9.0,234.0,Cash,In-store,2022-01-14,False
TXN_3191741,CUST_01,Patisserie,Item_15_PAT,26.0,9.0,234.0,Digital Wallet,In-store,2024-11-17,False
TXN_3096445,CUST_17,Computers and electric accessories,,32.0,,,Digital Wallet,In-store,2024-06-25,
TXN_8404227,CUST_03,Beverages,Item_2_BEV,6.5,9.0,58.5,Digital Wallet,Online,2023-12-29,
TXN_2374689,CUST_19,Beverages,Item_2_BEV,6.5,1.0,6.5,Cash,In-store,2024-05-21,
TXN_9469962,CUST_08,Beverages,,,6.0,48.0,Cash,Online,2024-02-26,False
TXN_5072173,CUST_23,Computers and electric accessories,Item_10_CEA,18.5,7.0,129.5,Digital Wallet,Online,2024-09-21,True
TXN_4944574,CUST_19,Patisserie,Item_24_PAT,39.5,6.0,237.0,Digital Wallet,Online,2024-04-11,
TXN_5293933,CUST_20,Computers and electric accessories,Item_5_CEA,11.0,5.0,55.0,Cash,In-store,2022-12-06,False
TXN_7801513,CUST_01,Electric household essentials,Item_5_EHE,11.0,6.0,66.0,Digital Wallet,In-store,2022-09-21,True
TXN_8685820,CUST_05,Beverages,Item_1_BEV,5.0,10.0,50.0,Digital Wallet,Online,2023-03-23,
TXN_1729525,CUST_08,Beverages,Item_23_BEV,38.0,7.0,266.0,Digital Wallet,In-store,2022-11-10,False
TXN_2593560,CUST_07,Butchers,Item_13_BUT,23.0,6.0,138.0,Cash,In-store,2023-07-07,True
TXN_6961502,CUST_13,Butchers,Item_17_BUT,29.0,1.0,29.0,Digital Wallet,In-store,2022-11-09,False
TXN_8817119,CUST_22,Butchers,Item_20_BUT,33.5,5.0,167.5,Credit Card,Online,2024-04-27,True
TXN_4160315,CUST_05,Milk Products,Item_19_MILK,32.0,9.0,288.0,Digital Wallet,Online,2022-08-20,
TXN_5438923,CUST_03,Milk Products,Item_24_MILK,39.5,4.0,158.0,Credit Card,Online,2023-07-21,False
TXN_8838958,CUST_01,Computers and electric accessories,,15.5,,,Cash,In-store,2024-11-08,
TXN_5911306,CUST_21,Milk Products,,,8.0,268.0,Digital Wallet,Online,2022-10-10,True
TXN_8714034,CUST_09,Electric household essentials,Item_6_EHE,12.5,4.0,50.0,Digital Wallet,In-store,2023-01-07,True
TXN_5960646,CUST_21,Beverages,Item_3_BEV,8.0,8.0,64.0,Digital Wallet,Online,2024-03-18,True
TXN_1839621,CUST_01,Butchers,Item_8_BUT,15.5,1.0,15.5,Digital Wallet,Online,2024-04-07,True
TXN_5944361,CUST_01,Milk Products,Item_19_MILK,32.0,4.0,128.0,Credit Card,In-store,2022-10-10,False
TXN_7159417,CUST_11,Food,Item_13_FOOD,23.0,5.0,115.0,Cash,In-store,2024-03-14,False
TXN_3759367,CUST_18,Beverages,Item_19_BEV,32.0,1.0,32.0,Digital Wallet,In-store,2023-05-07,True
TXN_1676564,CUST_12,Furniture,Item_2_FUR,6.5,6.0,39.0,Digital Wallet,Online,2024-06-18,True
TXN_7493896,CUST_11,Electric household essentials,Item_11_EHE,20.0,4.0,80.0,Cash,In-store,2024-12-07,True
TXN_9279646,CUST_08,Milk Products,Item_9_MILK,17.0,7.0,119.0,Credit Card,Online,2022-10-11,
TXN_2080115,CUST_18,Butchers,Item_24_BUT,39.5,7.0,276.5,Cash,Online,2024-01-05,True
TXN_2634868,CUST_13,Patisserie,Item_11_PAT,20.0,4.0,80.0,Cash,In-store,2024-06-26,False
TXN_9937190,CUST_23,Food,Item_13_FOOD,23.0,3.0,69.0,Digital Wallet,In-store,2023-07-14,False
TXN_9222292,CUST_15,Furniture,Item_24_FUR,39.5,9.0,355.5,Digital Wallet,In-store,2024-12-25,False
TXN_3841425,CUST_24,Milk Products,Item_8_MILK,15.5,6.0,93.0,Credit Card,In-store,2024-10-01,
TXN_3427896,CUST_15,Patisserie,Item_12_PAT,21.5,3.0,64.5,Cash,In-store,2024-12-26,
TXN_7315614,CUST_22,Furniture,Item_15_FUR,26.0,10.0,260.0,Digital Wallet,In-store,2024-02-10,
TXN_5441868,CUST_05,Furniture,Item_5_FUR,11.0,5.0,55.0,Digital Wallet,Online,2022-03-07,
TXN_5275517,CUST_10,Food,Item_17_FOOD,29.0,8.0,232.0,Cash,Online,2024-11-29,True
TXN_6260961,CUST_16,Electric household essentials,Item_25_EHE,41.0,1.0,41.0,Cash,In-store,2024-10-25,
TXN_2139409,CUST_23,Food,Item_13_FOOD,23.0,9.0,207.0,Digital Wallet,Online,2022-05-21,
TXN_5343433,CUST_20,Computers and electric accessories,Item_19_CEA,32.0,7.0,224.0,Credit Card,Online,2022-12-11,True
TXN_7425133,CUST_03,Patisserie,Item_20_PAT,33.5,10.0,335.0,Cash,In-store,2024-05-21,False
TXN_8793391,CUST_16,Beverages,Item_2_BEV,6.5,8.0,52.0,Credit Card,Online,2024-04-14,True
TXN_5940844,CUST_23,Beverages,Item_19_BEV,32.0,2.0,64.0,Credit Card,In-store,2023-09-12,
TXN_3357122,CUST_05,Butchers,Item_22_BUT,36.5,2.0,73.0,Credit Card,Online,2024-02-19,False
TXN_8846811,CUST_21,Butchers,Item_21_BUT,35.0,1.0,35.0,Digital Wallet,Online,2022-09-06,False
TXN_6576457,CUST_19,Patisserie,Item_9_PAT,17.0,10.0,170.0,Credit Card,In-store,2022-03-17,True
TXN_4581475,CUST_17,Computers and electric accessories,Item_11_CEA,20.0,6.0,120.0,Credit Card,In-store,2023-06-16,True
TXN_6582130,CUST_03,Electric household essentials,Item_13_EHE,23.0,9.0,207.0,Digital Wallet,Online,2024-12-25,False
TXN_2910621,CUST_02,Beverages,Item_10_BEV,18.5,10.0,185.0,Digital Wallet,In-store,2023-03-05,False
TXN_9627402,CUST_04,Butchers,Item_3_BUT,8.0,10.0,80.0,Cash,Online,2022-02-23,False
TXN_6676210,CUST_02,Computers and electric accessories,Item_17_CEA,29.0,8.0,232.0,Digital Wallet,Online,2023-11-27,
TXN_5351535,CUST_23,Patisserie,Item_25_PAT,41.0,8.0,328.0,Cash,In-store,2024-10-15,True
TXN_4435938,CUST_05,Electric household essentials,Item_13_EHE,23.0,4.0,92.0,Credit Card,In-store,2023-08-06,False
TXN_4181012,CUST_21,Patisserie,Item_8_PAT,15.5,6.0,93.0,Cash,Online,2024-06-24,
TXN_1475212,CUST_11,Beverages,Item_11_BEV,20.0,6.0,120.0,Cash,Online,2023-10-14,
TXN_9755626,CUST_25,Patisserie,Item_11_PAT,20.0,3.0,60.0,Digital Wallet,Online,2023-01-31,False
TXN_3842430,CUST_19,Food,Item_18_FOOD,30.5,8.0,244.0,Credit Card,In-store,2023-03-04,True
TXN_1102128,CUST_22,Furniture,Item_5_FUR,11.0,3.0,33.0,Credit Card,In-store,2024-05-01,False
TXN_4351153,CUST_21,Food,,17.0,,,Cash,In-store,2024-12-07,False
TXN_5823559,CUST_14,Furniture,Item_24_FUR,39.5,1.0,39.5,Digital Wallet,In-store,2024-01-17,False
TXN_6830801,CUST_14,Milk Products,Item_6_MILK,12.5,3.0,37.5,Credit Card,In-store,2022-05-20,False
TXN_7480229,CUST_06,Furniture,Item_24_FUR,39.5,6.0,237.0,Credit Card,In-store,2022-01-22,True
TXN_9970141,CUST_10,Electric household essentials,Item_1_EHE,5.0,3.0,15.0,Cash,In-store,2023-07-03,False
TXN_1841098,CUST_11,Food,Item_20_FOOD,33.5,2.0,67.0,Cash,In-store,2023-10-22,False
TXN_4374445,CUST_12,Food,Item_25_FOOD,41.0,10.0,410.0,Digital Wallet,Online,2024-10-17,
TXN_2496138,CUST_22,Food,,11.0,,,Cash,Online,2023-10-04,
TXN_9041908,CUST_22,Electric household essentials,Item_25_EHE,41.0,8.0,328.0,Cash,Online,2022-06-22,
TXN_6035994,CUST_15,Beverages,Item_6_BEV,12.5,8.0,100.0,Credit Card,In-store,2024-10-30,
TXN_3834320,CUST_18,Beverages,,24.5,,,Cash,In-store,2022-11-08,True
TXN_3456177,CUST_01,Butchers,Item_13_BUT,23.0,3.0,69.0,Credit Card,Online,2023-06-23,True
TXN_6615809,CUST_20,Computers and electric accessories,,15.5,,,Credit Card,In-store,2023-06-22,True
TXN_9583800,CUST_17,Electric household essentials,Item_12_EHE,21.5,2.0,43.0,Cash,Online,2023-09-18,
TXN_8870473,CUST_17,Milk Products,Item_13_MILK,23.0,1.0,23.0,Credit Card,In-store,2023-05-29,False
TXN_9933625,CUST_25,Patisserie,Item_20_PAT,33.5,8.0,268.0,Cash,Online,2022-11-02,True
TXN_3668440,CUST_21,Butchers,Item_3_BUT,8.0,2.0,16.0,Cash,In-store,2022-01-18,True
TXN_4255841,CUST_21,Computers and electric accessories,Item_22_CEA,36.5,9.0,328.5,Credit Card,Online,2023-08-12,False
TXN_1795154,CUST_23,Computers and electric accessories,Item_10_CEA,18.5,7.0,129.5,Digital Wallet,In-store,2023-06-14,True
TXN_3717384,CUST_01,Food,Item_14_FOOD,24.5,6.0,147.0,Cash,In-store,2023-05-11,False
TXN_9616213,CUST_23,Furniture,Item_24_FUR,39.5,3.0,118.5,Credit Card,Online,2023-03-11,True
TXN_7043807,CUST_24,Furniture,,,7.0,182.0,Digital Wallet,In-store,2022-02-07,
TXN_6728454,CUST_08,Milk Products,Item_24_MILK,39.5,3.0,118.5,Credit Card,Online,2023-10-17,True
TXN_4322217,CUST_21,Computers and electric accessories,Item_18_CEA,30.5,2.0,61.0,Digital Wallet,In-store,2024-11-23,True
TXN_2151215,CUST_02,Butchers,Item_5_BUT,11.0,4.0,44.0,Cash,In-store,2023-11-24,False
TXN_9987791,CUST_08,Milk Products,Item_22_MILK,36.5,2.0,73.0,Digital Wallet,In-store,2022-10-07,True
TXN_2540564,CUST_24,Computers and electric accessories,Item_5_CEA,11.0,1.0,11.0,Cash,Online,2023-08-18,
TXN_9659532,CUST_21,Furniture,Item_4_FUR,9.5,8.0,76.0,Cash,In-store,2023-01-08,True
TXN_1783309,CUST_08,Patisserie,Item_15_PAT,26.0,9.0,234.0,Credit Card,Online,2023-01-17,
TXN_6908704,CUST_16,Electric household essentials,,26.0,,,Digital Wallet,In-store,2024-02-04,True
TXN_6596970,CUST_25,Food,Item_12_FOOD,21.5,6.0,129.0,Credit Card,In-store,2023-10-29,True
TXN_1742336,CUST_08,Patisserie,Item_13_PAT,23.0,4.0,92.0,Credit Card,Online,2022-03-08,False
TXN_7738273,CUST_06,Beverages,Item_3_BEV,8.0,9.0,72.0,Cash,Online,2024-03-23,
TXN_2232768,CUST_02,Food,Item_20_FOOD,33.5,9.0,301.5,Digital Wallet,In-store,2024-09-29,False
TXN_4863238,CUST_13,Food,Item_11_FOOD,20.0,4.0,80.0,Credit Card,In-store,2022-11-16,True
TXN_9409545,CUST_05,Electric household essentials,Item_22_EHE,36.5,7.0,255.5,Credit Card,Online,2022-02-24,
TXN_5426614,CUST_19,Milk Products,Item_15_MILK,26.0,7.0,182.0,Digital Wallet,Online,2022-08-06,
TXN_1712455,CUST_25,Butchers,Item_5_BUT,11.0,9.0,99.0,Credit Card,In-store,2024-03-11,
TXN_7017598,CUST_04,Patisserie,Item_4_PAT,9.5,6.0,57.0,Credit Card,Online,2023-06-07,
TXN_7222601,CUST_18,Electric household essentials,Item_12_EHE,21.5,2.0,43.0,Cash,Online,2022-09-10,False
TXN_7864933,CUST_24,Beverages,Item_17_BEV,29.0,1.0,29.0,Cash,In-store,2022-11-29,True
TXN_7383288,CUST_10,Milk Products,,26.0,,,Digital Wallet,In-store,2022-08-12,
TXN_8228155,CUST_17,Butchers,Item_13_BUT,23.0,5.0,115.0,Credit Card,Online,2022-08-19,True
TXN_9564689,CUST_18,Patisserie,Item_14_PAT,24.5,4.0,98.0,Cash,Online,2022-04-06,
TXN_8504691,CUST_08,Milk Products,Item_1_MILK,5.0,1.0,5.0,Credit Card,Online,2023-12-21,True
TXN_7177109,CUST_05,Furniture,Item_14_FUR,24.5,4.0,98.0,Cash,In-store,2023-06-12,
TXN_9440172,CUST_20,Beverages,Item_25_BEV,41.0,9.0,369.0,Credit Card,In-store,2023-10-25,False
TXN_7436006,CUST_16,Patisserie,Item_8_PAT,15.5,7.0,108.5,Cash,In-store,2023-07-25,True
TXN_3673808,CUST_23,Patisserie,Item_19_PAT,32.0,10.0,320.0,Digital Wallet,In-store,2023-11-18,
TXN_1386646,CUST_24,Patisserie,Item_11_PAT,20.0,6.0,120.0,Digital Wallet,Online,2022-12-07,
TXN_3840387,CUST_19,Beverages,Item_7_BEV,14.0,5.0,70.0,Cash,In-store,2024-12-29,
TXN_5434897,CUST_25,Butchers,Item_23_BUT,38.0,1.0,38.0,Cash,In-store,2023-03-21,False
TXN_2218629,CUST_10,Computers and electric accessories,,,3.0,96.0,Credit Card,Online,2022-03-21,False
TXN_9352178,CUST_24,Patisserie,Item_2_PAT,6.5,8.0,52.0,Digital Wallet,In-store,2023-03-24,
TXN_9978418,CUST_10,Butchers,Item_14_BUT,24.5,5.0,122.5,Digital Wallet,Online,2024-02-24,False
TXN_6660687,CUST_02,Furniture,Item_17_FUR,29.0,9.0,261.0,Digital Wallet,Online,2024-12-27,False
TXN_8348586,CUST_03,Electric household essentials,,,8.0,220.0,Credit Card,Online,2022-08-12,
TXN_7647224,CUST_13,Milk Products,Item_1_MILK,5.0,7.0,35.0,Credit Card,In-store,2022-03-19,True
TXN_2676761,CUST_15,Electric household essentials,Item_17_EHE,29.0,9.0,261.0,Digital Wallet,In-store,2024-04-03,
TXN_1409260,CUST_08,Electric household essentials,Item_8_EHE,15.5,1.0,15.5,Credit Card,In-store,2022-09-21,
TXN_9671345,CUST_21,Furniture,Item_20_FUR,33.5,2.0,67.0,Cash,Online,2022-09-13,False
TXN_6893703,CUST_13,Patisserie,Item_13_PAT,23.0,1.0,23.0,Credit Card,In-store,2023-09-03,True
TXN_5744111,CUST_13,Beverages,Item_3_BEV,8.0,3.0,24.0,Credit Card,Online,2024-08-21,
TXN_5224257,CUST_08,Butchers,Item_6_BUT,12.5,9.0,112.5,Cash,Online,2022-08-13,False
TXN_5319794,CUST_01,Beverages,Item_16_BEV,27.5,10.0,275.0,Credit Card,Online,2023-05-01,
TXN_7326092,CUST_01,Butchers,Item_23_BUT,38.0,5.0,190.0,Credit Card,Online,2023-09-19,False
TXN_3342497,CUST_18,Patisserie,Item_9_PAT,17.0,4.0,68.0,Credit Card,In-store,2023-07-03,
TXN_7235181,CUST_22,Milk Products,Item_3_MILK,8.0,8.0,64.0,Digital Wallet,Online,2023-12-13,
TXN_4657560,CUST_06,Patisserie,Item_22_PAT,36.5,5.0,182.5,Digital Wallet,In-store,2022-10-18,True
TXN_4570770,CUST_12,Electric household essentials,Item_11_EHE,20.0,3.0,60.0,Credit Card,In-store,2023-04-29,
TXN_6810161,CUST_17,Food,Item_11_FOOD,20.0,3.0,60.0,Cash,Online,2024-05-05,False
TXN_1544024,CUST_20,Patisserie,Item_17_PAT,29.0,8.0,232.0,Cash,Online,2024-11-16,
TXN_3107156,CUST_02,Computers and electric accessories,Item_24_CEA,39.5,8.0,316.0,Cash,Online,2024-12-23,True
TXN_2540525,CUST_03,Computers and electric accessories,Item_22_CEA,36.5,2.0,73.0,Cash,In-store,2023-04-29,False
TXN_7595380,CUST_06,Furniture,Item_9_FUR,17.0,4.0,68.0,Cash,In-store,2022-11-13,False
TXN_9778912,CUST_14,Electric household essentials,Item_21_EHE,35.0,8.0,280.0,Credit Card,Online,2024-08-27,False
TXN_2771813,CUST_17,Electric household essentials,,41.0,,,Digital Wallet,Online,2022-06-10,
TXN_2461753,CUST_12,Computers and electric accessories,Item_19_CEA,32.0,10.0,320.0,Cash,Online,2022-10-18,
TXN_9228328,CUST_05,Furniture,Item_20_FUR,33.5,1.0,33.5,Digital Wallet,In-store,2022-09-29,False
TXN_8148435,CUST_24,Electric household essentials,Item_23_EHE,38.0,6.0,228.0,Credit Card,Online,2024-01-20,True
TXN_9014066,CUST_01,Butchers,Item_12_BUT,21.5,3.0,64.5,Digital Wallet,Online,2022-11-20,
TXN_3864156,CUST_10,Butchers,Item_12_BUT,21.5,8.0,172.0,Credit Card,In-store,2023-05-25,
TXN_1325795,CUST_10,Computers and electric accessories,Item_14_CEA,24.5,6.0,147.0,Digital Wallet,In-store,2022-04-29,False
TXN_9131959,CUST_01,Milk Products,Item_2_MILK,6.5,1.0,6.5,Credit Card,Online,2022-01-11,False
TXN_2755690,CUST_08,Computers and electric accessories,Item_12_CEA,21.5,9.0,193.5,Cash,Online,2024-11-04,False
TXN_5675339,CUST_20,Electric household essentials,Item_20_EHE,33.5,4.0,134.0,Credit Card,Online,2024-01-12,
TXN_2687566,CUST_19,Furniture,,,1.0,27.5,Credit Card,Online,2022-03-21,False
TXN_6070296,CUST_19,Electric household essentials,Item_5_EHE,11.0,3.0,33.0,Cash,In-store,2024-01-31,False
TXN_7927802,CUST_20,Butchers,Item_22_BUT,36.5,8.0,292.0,Digital Wallet,Online,2023-06-30,
TXN_1607995,CUST_23,Electric household essentials,Item_19_EHE,32.0,6.0,192.0,Credit Card,In-store,2023-12-24,
TXN_1694461,CUST_17,Butchers,Item_12_BUT,21.5,10.0,215.0,Cash,Online,2022-07-13,True
TXN_4728272,CUST_21,Computers and electric accessories,Item_22_CEA,36.5,9.0,328.5,Cash,Online,2023-02-27,False
TXN_1213835,CUST_02,Beverages,Item_22_BEV,36.5,4.0,146.0,Digital Wallet,In-store,2022-07-06,False
TXN_7377480,CUST_23,Food,Item_10_FOOD,18.5,6.0,111.0,Cash,Online,2024-03-13,
TXN_3331644,CUST_20,Milk Products,Item_16_MILK,27.5,8.0,220.0,Digital Wallet,Online,2024-04-27,True
TXN_2605227,CUST_12,Butchers,Item_7_BUT,14.0,2.0,28.0,Cash,In-store,2024-02-03,False
TXN_5387201,CUST_14,Furniture,Item_2_FUR,6.5,6.0,39.0,Digital Wallet,Online,2024-11-06,
TXN_2782829,CUST_02,Electric household essentials,Item_12_EHE,21.5,7.0,150.5,Cash,In-store,2024-03-14,True
TXN_3253186,CUST_04,Milk Products,Item_23_MILK,38.0,9.0,342.0,Cash,Online,2022-09-14,True
TXN_5905211,CUST_18,Computers and electric accessories,Item_5_CEA,11.0,3.0,33.0,Digital Wallet,Online,2024-03-21,False
TXN_2937307,CUST_15,Patisserie,Item_14_PAT,24.5,6.0,147.0,Cash,In-store,2025-01-06,True
TXN_7739969,CUST_17,Computers and electric accessories,Item_12_CEA,21.5,3.0,64.5,Cash,Online,2023-12-14,
TXN_2346263,CUST_21,Electric household essentials,,12.5,,,Credit Card,In-store,2022-09-09,False
TXN_2610751,CUST_05,Butchers,Item_25_BUT,41.0,5.0,205.0,Cash,Online,2022-05-30,
TXN_2712285,CUST_22,Furniture,Item_2_FUR,6.5,5.0,32.5,Cash,In-store,2022-06-25,False
TXN_5372618,CUST_08,Electric household essentials,Item_15_EHE,26.0,7.0,182.0,Digital Wallet,In-store,2022-05-18,
TXN_9725690,CUST_21,Electric household essentials,Item_8_EHE,15.5,6.0,93.0,Credit Card,Online,2022-08-30,
TXN_1619388,CUST_01,Computers and electric accessories,Item_15_CEA,26.0,1.0,26.0,Digital Wallet,Online,2024-05-23,
TXN_8846502,CUST_25,Patisserie,Item_9_PAT,17.0,6.0,102.0,Cash,In-store,2024-08-07,
TXN_2079721,CUST_12,Butchers,Item_21_BUT,35.0,1.0,35.0,Digital Wallet,In-store,2023-12-14,True
TXN_5361643,CUST_19,Food,,,2.0,46.0,Digital Wallet,Online,2023-12-19,
TXN_5809744,CUST_18,Food,Item_9_FOOD,17.0,4.0,68.0,Cash,In-store,2023-01-29,True
TXN_6567750,CUST_05,Furniture,Item_14_FUR,24.5,4.0,98.0,Credit Card,In-store,2022-10-26,True
TXN_6837444,CUST_19,Computers and electric accessories,Item_16_CEA,27.5,9.0,247.5,Cash,Online,2023-01-13,False
TXN_9307798,CUST_05,Patisserie,Item_4_PAT,9.5,2.0,19.0,Digital Wallet,In-store,2023-07-05,True
TXN_3791514,CUST_16,Patisserie,Item_4_PAT,9.5,2.0,19.0,Digital Wallet,Online,2023-01-08,
TXN_8377166,CUST_06,Butchers,Item_20_BUT,33.5,2.0,67.0,Credit Card,In-store,2024-03-27,False
TXN_9027643,CUST_01,Patisserie,Item_5_PAT,11.0,10.0,110.0,Cash,In-store,2024-10-25,True
TXN_3171192,CUST_13,Food,,26.0,,,Cash,Online,2024-01-22,True
TXN_5547887,CUST_01,Patisserie,Item_17_PAT,29.0,10.0,290.0,Digital Wallet,Online,2024-09-10,True
TXN_2009395,CUST_13,Food,Item_11_FOOD,20.0,6.0,120.0,Digital Wallet,Online,2024-08-12,False
TXN_1354667,CUST_08,Beverages,Item_8_BEV,15.5,5.0,77.5,Cash,Online,2022-04-04,
TXN_1597974,CUST_08,Milk Products,Item_18_MILK,30.5,2.0,61.0,Cash,Online,2023-10-20,
TXN_3795673,CUST_14,Butchers,Item_5_BUT,11.0,7.0,77.0,Cash,In-store,2024-02-02,
TXN_7725571,CUST_09,Furniture,Item_25_FUR,41.0,3.0,123.0,Credit Card,Online,2024-06-24,True
TXN_5827116,CUST_03,Computers and electric accessories,Item_11_CEA,20.0,7.0,140.0,Cash,In-store,2023-11-05,False
TXN_5314835,CUST_22,Patisserie,Item_1_PAT,5.0,7.0,35.0,Digital Wallet,Online,2024-07-05,True
TXN_4897743,CUST_01,Food,,,9.0,193.5,Credit Card,In-store,2024-03-18,
TXN_1565398,CUST_25,Food,,,8.0,148.0,Credit Card,In-store,2022-06-15,
TXN_5579136,CUST_24,Beverages,Item_14_BEV,24.5,8.0,196.0,Digital Wallet,In-store,2023-05-12,
TXN_9472812,CUST_04,Food,,11.0,,,Digital Wallet,Online,2024-08-16,
TXN_9837294,CUST_23,Beverages,Item_4_BEV,9.5,4.0,38.0,Digital Wallet,In-store,2024-06-15,
TXN_8172094,CUST_21,Patisserie,Item_6_PAT,12.5,8.0,100.0,Digital Wallet,In-store,2022-03-05,False
TXN_4882798,CUST_23,Furniture,Item_6_FUR,12.5,10.0,125.0,Credit Card,In-store,2022-04-22,True
TXN_4283900,CUST_04,Beverages,Item_24_BEV,39.5,6.0,237.0,Credit Card,Online,2022-06-23,False
TXN_1224321,CUST_05,Computers and electric accessories,Item_6_CEA,12.5,1.0,12.5,Digital Wallet,Online,2022-08-22,False
TXN_5240854,CUST_16,Computers and electric accessories,Item_21_CEA,35.0,6.0,210.0,Cash,Online,2024-10-09,
TXN_4879732,CUST_21,Milk Products,Item_18_MILK,30.5,3.0,91.5,Cash,Online,2022-02-27,True
TXN_1642953,CUST_18,Electric household essentials,Item_16_EHE,27.5,5.0,137.5,Digital Wallet,In-store,2022-10-30,True
TXN_9917843,CUST_11,Milk Products,,,10.0,95.0,Digital Wallet,Online,2024-03-04,True
TXN_4602333,CUST_19,Milk Products,Item_14_MILK,24.5,10.0,245.0,Credit Card,Online,2024-12-30,True
TXN_8101203,CUST_18,Food,Item_5_FOOD,11.0,10.0,110.0,Credit Card,In-store,2022-04-14,
TXN_4766175,CUST_24,Furniture,Item_11_FUR,20.0,3.0,60.0,Digital Wallet,Online,2024-03-25,False
TXN_2331955,CUST_10,Patisserie,Item_20_PAT,33.5,4.0,134.0,Cash,Online,2023-04-01,False
TXN_1373649,CUST_09,Electric household essentials,Item_22_EHE,36.5,6.0,219.0,Cash,In-store,2023-05-07,False
TXN_8660082,CUST_08,Beverages,Item_20_BEV,33.5,1.0,33.5,Credit Card,In-store,2024-05-18,True
TXN_4244094,CUST_04,Food,Item_6_FOOD,12.5,2.0,25.0,Digital Wallet,In-store,2022-09-06,False
TXN_3949704,CUST_22,Electric household essentials,Item_21_EHE,35.0,9.0,315.0,Cash,Online,2022-06-12,False
TXN_1304201,CUST_09,Furniture,Item_5_FUR,11.0,4.0,44.0,Credit Card,In-store,2024-03-14,True
TXN_1481263,CUST_13,Patisserie,Item_9_PAT,17.0,8.0,136.0,Digital Wallet,In-store,2022-12-04,False
TXN_1830813,CUST_15,Milk Products,Item_22_MILK,36.5,8.0,292.0,Credit Card,Online,2023-11-05,
TXN_3256316,CUST_22,Food,Item_17_FOOD,29.0,1.0,29.0,Cash,Online,2024-07-10,False
TXN_4412300,CUST_05,Electric household essentials,Item_23_EHE,38.0,10.0,380.0,Digital Wallet,In-store,2022-08-18,False
TXN_8350639,CUST_21,Furniture,Item_2_FUR,6.5,9.0,58.5,Digital Wallet,Online,2023-07-12,False
TXN_6417585,CUST_05,Electric household essentials,Item_19_EHE,32.0,2.0,64.0,Cash,In-store,2023-02-08,True
TXN_8355393,CUST_10,Milk Products,Item_17_MILK,29.0,5.0,145.0,Cash,In-store,2022-01-24,False
TXN_5759876,CUST_03,Food,Item_25_FOOD,41.0,3.0,123.0,Cash,Online,2023-12-27,True
TXN_5786761,CUST_03,Computers and electric accessories,Item_6_CEA,12.5,5.0,62.5,Credit Card,Online,2023-10-25,True
TXN_4126221,CUST_03,Furniture,Item_2_FUR,6.5,1.0,6.5,Cash,Online,2023-07-03,
TXN_3055303,CUST_23,Food,Item_22_FOOD,36.5,1.0,36.5,Cash,Online,2022-06-30,True
TXN_3948610,CUST_07,Furniture,,33.5,,,Digital Wallet,In-store,2023-02-24,
TXN_3042204,CUST_16,Patisserie,Item_12_PAT,21.5,5.0,107.5,Digital Wallet,Online,2023-05-14,True
TXN_7810642,CUST_12,Beverages,Item_6_BEV,12.5,8.0,100.0,Credit Card,Online,2024-03-04,False
TXN_1386229,CUST_08,Computers and electric accessories,Item_11_CEA,20.0,4.0,80.0,Credit Card,Online,2023-04-02,False
TXN_5372777,CUST_08,Milk Products,Item_1_MILK,5.0,6.0,30.0,Credit Card,Online,2022-05-30,True
TXN_2082706,CUST_17,Furniture,Item_12_FUR,21.5,8.0,172.0,Cash,Online,2024-10-10,True
TXN_1808071,CUST_25,Food,Item_13_FOOD,23.0,2.0,46.0,Digital Wallet,In-store,2022-10-14,False
TXN_2118429,CUST_21,Butchers,Item_5_BUT,11.0,5.0,55.0,Digital Wallet,In-store,2022-10-17,True
TXN_4298975,CUST_22,Milk Products,,,2.0,61.0,Digital Wallet,Online,2023-12-18,False
TXN_4597218,CUST_23,Patisserie,Item_2_PAT,6.5,10.0,65.0,Credit Card,Online,2024-06-19,
TXN_4793201,CUST_12,Beverages,Item_16_BEV,27.5,2.0,55.0,Credit Card,In-store,2023-09-01,True
TXN_1910565,CUST_18,Furniture,Item_9_FUR,17.0,9.0,153.0,Digital Wallet,In-store,2024-03-26,False
TXN_5645530,CUST_14,Beverages,Item_14_BEV,24.5,10.0,245.0,Digital Wallet,Online,2024-06-06,False
TXN_7221565,CUST_24,Furniture,Item_17_FUR,29.0,1.0,29.0,Cash,In-store,2022-02-13,True
TXN_2175503,CUST_20,Electric household essentials,Item_21_EHE,35.0,6.0,210.0,Cash,In-store,2024-01-02,False
TXN_3919101,CUST_18,Milk Products,Item_11_MILK,20.0,4.0,80.0,Digital Wallet,Online,2022-05-22,False
TXN_7993933,CUST_13,Milk Products,Item_13_MILK,23.0,6.0,138.0,Credit Card,Online,2022-09-12,
TXN_1987133,CUST_09,Furniture,Item_11_FUR,20.0,3.0,60.0,Credit Card,Online,2022-06-07,False
TXN_9150129,CUST_06,Electric household essentials,Item_4_EHE,9.5,10.0,95.0,Cash,In-store,2024-06-27,True
TXN_1011892,CUST_08,Furniture,Item_24_FUR,39.5,2.0,79.0,Credit Card,Online,2023-08-27,False
TXN_5476321,CUST_02,Computers and electric accessories,Item_15_CEA,26.0,3.0,78.0,Credit Card,Online,2023-04-24,True
TXN_3525189,CUST_04,Furniture,Item_4_FUR,9.5,4.0,38.0,Cash,Online,2024-01-25,True
TXN_5861199,CUST_19,Beverages,Item_18_BEV,30.5,10.0,305.0,Cash,Online,2022-12-30,False
TXN_6454565,CUST_24,Furniture,Item_6_FUR,12.5,3.0,37.5,Credit Card,Online,2022-05-07,
TXN_4827758,CUST_06,Milk Products,Item_9_MILK,17.0,3.0,51.0,Cash,In-store,2023-11-16,
TXN_6215665,CUST_22,Beverages,Item_23_BEV,38.0,1.0,38.0,Digital Wallet,Online,2023-06-13,False
TXN_7710775,CUST_05,Furniture,Item_23_FUR,38.0,5.0,190.0,Digital Wallet,In-store,2023-02-22,False
TXN_4701071,CUST_13,Furniture,Item_1_FUR,5.0,6.0,30.0,Digital Wallet,Online,2023-04-11,True
TXN_1593038,CUST_10,Patisserie,Item_11_PAT,20.0,8.0,160.0,Digital Wallet,Online,2023-02-27,True
TXN_7002371,CUST_25,Butchers,Item_1_BUT,5.0,3.0,15.0,Cash,In-store,2022-01-15,
TXN_5423342,CUST_19,Computers and electric accessories,Item_8_CEA,15.5,3.0,46.5,Digital Wallet,In-store,2023-10-21,False
TXN_2010040,CUST_10,Beverages,Item_19_BEV,32.0,8.0,256.0,Cash,Online,2024-02-01,False
TXN_3087080,CUST_23,Computers and electric accessories,Item_19_CEA,32.0,7.0,224.0,Digital Wallet,In-store,2022-04-23,
TXN_1285469,CUST_20,Electric household essentials,,,7.0,108.5,Digital Wallet,Online,2022-06-17,False
TXN_2221021,CUST_11,Beverages,Item_22_BEV,36.5,5.0,182.5,Digital Wallet,In-store,2022-01-09,
TXN_7308742,CUST_14,Furniture,Item_8_FUR,15.5,2.0,31.0,Credit Card,In-store,2023-07-19,False
TXN_4979615,CUST_19,Food,Item_12_FOOD,21.5,10.0,215.0,Cash,In-store,2024-05-10,False
TXN_2947270,CUST_12,Furniture,Item_5_FUR,11.0,3.0,33.0,Digital Wallet,In-store,2022-12-12,
TXN_5115102,CUST_14,Computers and electric accessories,Item_23_CEA,38.0,4.0,152.0,Credit Card,Online,2025-01-12,True
TXN_7169040,CUST_21,Furniture,Item_1_FUR,5.0,10.0,50.0,Digital Wallet,In-store,2022-04-07,
TXN_4408493,CUST_20,Butchers,Item_13_BUT,23.0,10.0,230.0,Digital Wallet,In-store,2023-01-10,True
TXN_9951872,CUST_16,Electric household essentials,Item_24_EHE,39.5,7.0,276.5,Cash,Online,2024-11-10,
TXN_2263002,CUST_09,Patisserie,Item_16_PAT,27.5,9.0,247.5,Digital Wallet,Online,2022-06-10,False
TXN_5671217,CUST_17,Computers and electric accessories,Item_12_CEA,21.5,9.0,193.5,Digital Wallet,Online,2023-01-06,True
TXN_6586324,CUST_15,Butchers,,,6.0,183.0,Digital Wallet,In-store,2024-05-08,
TXN_9763067,CUST_18,Furniture,Item_16_FUR,27.5,10.0,275.0,Cash,In-store,2024-08-04,False
TXN_3490623,CUST_09,Patisserie,Item_8_PAT,15.5,2.0,31.0,Credit Card,Online,2022-03-02,
TXN_6440999,CUST_04,Milk Products,Item_8_MILK,15.5,2.0,31.0,Digital Wallet,Online,2022-06-28,
TXN_4189415,CUST_03,Food,Item_2_FOOD,6.5,4.0,26.0,Credit Card,In-store,2024-03-08,
TXN_8177929,CUST_12,Furniture,,,2.0,76.0,Credit Card,Online,2022-06-12,True
TXN_8955882,CUST_09,Milk Products,Item_13_MILK,23.0,10.0,230.0,Digital Wallet,Online,2023-12-03,
TXN_1826446,CUST_21,Butchers,Item_18_BUT,30.5,9.0,274.5,Credit Card,In-store,2022-06-13,False
TXN_5430099,CUST_08,Patisserie,Item_8_PAT,15.5,6.0,93.0,Credit Card,Online,2023-08-10,
TXN_6053212,CUST_08,Electric household essentials,Item_2_EHE,6.5,10.0,65.0,Credit Card,In-store,2023-11-02,
TXN_2275327,CUST_08,Patisserie,Item_13_PAT,23.0,3.0,69.0,Cash,In-store,2022-08-13,False
TXN_3543865,CUST_09,Computers and electric accessories,Item_12_CEA,21.5,1.0,21.5,Cash,In-store,2023-11-20,
TXN_3876653,CUST_23,Computers and electric accessories,Item_7_CEA,14.0,7.0,98.0,Cash,In-store,2024-07-06,False
TXN_8090678,CUST_08,Electric household essentials,Item_8_EHE,15.5,5.0,77.5,Digital Wallet,Online,2024-05-01,False
TXN_1865764,CUST_08,Computers and electric accessories,Item_21_CEA,35.0,8.0,280.0,Credit Card,Online,2024-12-10,
TXN_7555309,CUST_12,Beverages,,,5.0,107.5,Credit Card,Online,2022-07-15,True
TXN_7232230,CUST_17,Computers and electric accessories,Item_5_CEA,11.0,5.0,55.0,Credit Card,Online,2023-06-14,False
TXN_4354993,CUST_15,Milk Products,Item_21_MILK,35.0,7.0,245.0,Cash,In-store,2023-10-09,
TXN_1099045,CUST_21,Patisserie,Item_10_PAT,18.5,6.0,111.0,Digital Wallet,Online,2022-09-12,
TXN_4797019,CUST_19,Milk Products,Item_13_MILK,23.0,6.0,138.0,Cash,Online,2023-06-30,False
TXN_6375385,CUST_24,Furniture,Item_11_FUR,20.0,8.0,160.0,Digital Wallet,Online,2023-06-07,False
TXN_1243810,CUST_15,Furniture,Item_11_FUR,20.0,8.0,160.0,Cash,Online,2023-12-28,True
TXN_9398224,CUST_18,Electric household essentials,Item_8_EHE,15.5,5.0,77.5,Digital Wallet,In-store,2024-02-16,True
TXN_9044784,CUST_21,Electric household essentials,Item_25_EHE,41.0,5.0,205.0,Digital Wallet,Online,2024-03-22,True
TXN_5720404,CUST_22,Beverages,Item_22_BEV,36.5,7.0,255.5,Cash,In-store,2022-03-22,True
TXN_2533200,CUST_05,Patisserie,Item_1_PAT,5.0,8.0,40.0,Credit Card,Online,2022-10-28,False
TXN_4464985,CUST_14,Butchers,Item_13_BUT,23.0,8.0,184.0,Digital Wallet,Online,2022-12-02,
TXN_6117973,CUST_10,Electric household essentials,Item_15_EHE,26.0,7.0,182.0,Cash,Online,2022-05-15,
TXN_9340286,CUST_19,Milk Products,Item_6_MILK,12.5,2.0,25.0,Cash,In-store,2024-08-13,False
TXN_3242349,CUST_03,Furniture,Item_14_FUR,24.5,7.0,171.5,Cash,Online,2022-12-26,True
TXN_9299802,CUST_03,Patisserie,Item_17_PAT,29.0,1.0,29.0,Cash,Online,2023-03-25,False
TXN_5371741,CUST_12,Electric household essentials,Item_17_EHE,29.0,4.0,116.0,Digital Wallet,In-store,2022-08-21,True
TXN_7101302,CUST_16,Beverages,,,1.0,33.5,Cash,In-store,2024-10-24,True
TXN_7903686,CUST_10,Beverages,Item_17_BEV,29.0,1.0,29.0,Digital Wallet,Online,2022-03-13,True
TXN_3761426,CUST_11,Furniture,Item_11_FUR,20.0,1.0,20.0,Credit Card,In-store,2024-12-16,
TXN_5381188,CUST_17,Furniture,Item_1_FUR,5.0,5.0,25.0,Credit Card,Online,2022-12-15,True
TXN_9844205,CUST_05,Furniture,Item_17_FUR,29.0,2.0,58.0,Cash,Online,2023-01-12,False
TXN_9443022,CUST_12,Milk Products,Item_15_MILK,26.0,2.0,52.0,Cash,In-store,2024-03-27,True
TXN_2545845,CUST_09,Computers and electric accessories,Item_18_CEA,30.5,9.0,274.5,Cash,In-store,2024-08-28,True
TXN_9793935,CUST_18,Milk Products,Item_18_MILK,30.5,7.0,213.5,Credit Card,In-store,2023-10-04,True
TXN_1919020,CUST_20,Butchers,Item_22_BUT,36.5,10.0,365.0,Digital Wallet,In-store,2022-03-18,True
TXN_9972181,CUST_22,Electric household essentials,Item_21_EHE,35.0,5.0,175.0,Cash,In-store,2024-12-28,False
TXN_4432365,CUST_01,Butchers,Item_12_BUT,21.5,5.0,107.5,Cash,In-store,2022-03-17,True
TXN_7305258,CUST_14,Patisserie,Item_23_PAT,38.0,3.0,114.0,Digital Wallet,Online,2022-04-25,False
TXN_8802743,CUST_23,Milk Products,Item_19_MILK,32.0,6.0,192.0,Credit Card,Online,2023-09-17,True
TXN_5930319,CUST_16,Electric household essentials,Item_15_EHE,26.0,3.0,78.0,Cash,In-store,2022-08-29,
TXN_3141947,CUST_14,Food,Item_17_FOOD,29.0,7.0,203.0,Credit Card,In-store,2022-08-10,
TXN_6126899,CUST_10,Milk Products,Item_13_MILK,23.0,7.0,161.0,Credit Card,In-store,2023-11-08,
TXN_4759687,CUST_24,Milk Products,Item_2_MILK,6.5,10.0,65.0,Credit Card,Online,2023-06-20,True
TXN_7157580,CUST_14,Food,Item_12_FOOD,21.5,9.0,193.5,Digital Wallet,Online,2022-11-05,False
TXN_4249343,CUST_22,Milk Products,Item_17_MILK,29.0,2.0,58.0,Digital Wallet,In-store,2022-07-10,False
TXN_6137503,CUST_02,Butchers,Item_23_BUT,38.0,7.0,266.0,Credit Card,In-store,2022-04-05,False
TXN_5300736,CUST_02,Furniture,Item_24_FUR,39.5,7.0,276.5,Cash,In-store,2022-07-17,True
TXN_1370562,CUST_25,Computers and electric accessories,Item_11_CEA,20.0,7.0,140.0,Credit Card,Online,2022-09-01,False
TXN_7327686,CUST_02,Furniture,Item_11_FUR,20.0,2.0,40.0,Cash,Online,2024-05-17,False
TXN_6017693,CUST_14,Beverages,Item_11_BEV,20.0,1.0,20.0,Digital Wallet,Online,2022-02-24,True
TXN_7165120,CUST_17,Patisserie,Item_22_PAT,36.5,2.0,73.0,Cash,In-store,2023-10-23,False
TXN_5034035,CUST_08,Furniture,,9.5,,,Credit Card,Online,2024-08-25,False
TXN_9703848,CUST_15,Food,Item_15_FOOD,26.0,4.0,104.0,Cash,Online,2022-06-16,True
TXN_2702011,CUST_12,Furniture,Item_12_FUR,21.5,5.0,107.5,Cash,Online,2023-12-28,True
TXN_6364377,CUST_10,Milk Products,Item_17_MILK,29.0,2.0,58.0,Credit Card,In-store,2024-12-03,False
TXN_8231762,CUST_11,Beverages,Item_20_BEV,33.5,6.0,201.0,Credit Card,Online,2022-01-17,False
TXN_7101979,CUST_15,Computers and electric accessories,Item_20_CEA,33.5,7.0,234.5,Credit Card,In-store,2023-04-14,True
TXN_8788021,CUST_25,Food,Item_17_FOOD,29.0,3.0,87.0,Digital Wallet,In-store,2024-11-26,
TXN_6917255,CUST_07,Food,Item_8_FOOD,15.5,6.0,93.0,Credit Card,In-store,2024-07-31,True
TXN_3821185,CUST_23,Computers and electric accessories,Item_15_CEA,26.0,4.0,104.0,Digital Wallet,In-store,2024-09-11,True
TXN_5773991,CUST_01,Food,Item_3_FOOD,8.0,7.0,56.0,Cash,Online,2022-09-30,False
TXN_8508384,CUST_18,Food,Item_4_FOOD,9.5,3.0,28.5,Credit Card,In-store,2022-01-29,True
TXN_5636224,CUST_23,Computers and electric accessories,Item_12_CEA,21.5,4.0,86.0,Cash,Online,2024-10-04,
TXN_9191575,CUST_01,Milk Products,Item_4_MILK,9.5,7.0,66.5,Digital Wallet,In-store,2024-01-28,
TXN_8994966,CUST_14,Butchers,Item_5_BUT,11.0,5.0,55.0,Cash,Online,2024-12-25,True
TXN_6205992,CUST_11,Beverages,Item_8_BEV,15.5,6.0,93.0,Credit Card,In-store,2023-07-08,
TXN_4108548,CUST_20,Electric household essentials,Item_6_EHE,12.5,2.0,25.0,Cash,Online,2023-03-12,False
TXN_8781758,CUST_20,Furniture,Item_5_FUR,11.0,5.0,55.0,Credit Card,In-store,2024-02-13,True
TXN_5396051,CUST_08,Butchers,Item_20_BUT,33.5,2.0,67.0,Cash,In-store,2024-09-01,True
TXN_4766907,CUST_03,Butchers,Item_8_BUT,15.5,9.0,139.5,Digital Wallet,Online,2022-03-05,False
TXN_4191425,CUST_25,Beverages,Item_18_BEV,30.5,1.0,30.5,Digital Wallet,In-store,2024-10-08,False
TXN_1721597,CUST_22,Computers and electric accessories,Item_11_CEA,20.0,1.0,20.0,Credit Card,Online,2023-04-20,False
TXN_8418594,CUST_23,Food,Item_4_FOOD,9.5,9.0,85.5,Credit Card,In-store,2024-12-10,True
TXN_9717999,CUST_03,Furniture,Item_14_FUR,24.5,2.0,49.0,Digital Wallet,In-store,2022-04-29,
TXN_5430495,CUST_11,Beverages,Item_20_BEV,33.5,5.0,167.5,Digital Wallet,Online,2024-01-11,False
TXN_8715323,CUST_09,Butchers,Item_20_BUT,33.5,2.0,67.0,Credit Card,In-store,2023-03-12,False
TXN_9730853,CUST_19,Beverages,Item_11_BEV,20.0,3.0,60.0,Credit Card,Online,2022-11-16,True
TXN_4924226,CUST_05,Beverages,Item_8_BEV,15.5,4.0,62.0,Cash,In-store,2023-03-06,False
TXN_2086962,CUST_13,Food,Item_6_FOOD,12.5,5.0,62.5,Credit Card,In-store,2022-04-06,False
TXN_7037115,CUST_07,Furniture,Item_5_FUR,11.0,5.0,55.0,Credit Card,In-store,2024-02-23,
TXN_1534987,CUST_04,Food,Item_6_FOOD,12.5,3.0,37.5,Cash,Online,2022-07-03,
TXN_3302248,CUST_20,Electric household essentials,Item_10_EHE,18.5,3.0,55.5,Credit Card,Online,2024-01-04,False
TXN_7830284,CUST_19,Electric household essentials,Item_21_EHE,35.0,5.0,175.0,Credit Card,Online,2022-08-10,True
TXN_8466219,CUST_25,Butchers,Item_16_BUT,27.5,4.0,110.0,Digital Wallet,In-store,2022-05-15,False
TXN_9923470,CUST_21,Patisserie,,5.0,,,Digital Wallet,In-store,2023-03-08,True
TXN_6321123,CUST_17,Furniture,Item_6_FUR,12.5,9.0,112.5,Credit Card,In-store,2024-05-25,False
TXN_4825724,CUST_01,Furniture,Item_24_FUR,39.5,1.0,39.5,Digital Wallet,In-store,2024-12-22,False
TXN_9634891,CUST_25,Computers and electric accessories,Item_17_CEA,29.0,6.0,174.0,Credit Card,Online,2022-01-14,True
TXN_8935391,CUST_16,Milk Products,,,1.0,27.5,Credit Card,Online,2022-09-06,True
TXN_5910508,CUST_08,Patisserie,Item_8_PAT,15.5,10.0,155.0,Digital Wallet,In-store,2022-11-15,
TXN_6889696,CUST_10,Electric household essentials,Item_8_EHE,15.5,3.0,46.5,Cash,Online,2023-06-20,False
TXN_7543333,CUST_24,Computers and electric accessories,Item_16_CEA,27.5,5.0,137.5,Digital Wallet,In-store,2022-03-28,True
TXN_4396240,CUST_23,Electric household essentials,Item_23_EHE,38.0,9.0,342.0,Cash,Online,2024-04-28,True
TXN_3375368,CUST_12,Milk Products,Item_11_MILK,20.0,1.0,20.0,Digital Wallet,In-store,2022-04-08,False
TXN_8827064,CUST_02,Food,Item_5_FOOD,11.0,2.0,22.0,Credit Card,Online,2022-11-10,
TXN_2975097,CUST_02,Butchers,Item_22_BUT,36.5,7.0,255.5,Cash,In-store,2023-03-12,True
TXN_9586952,CUST_11,Computers and electric accessories,Item_7_CEA,14.0,3.0,42.0,Digital Wallet,Online,2023-06-19,True
TXN_3575121,CUST_17,Food,Item_12_FOOD,21.5,8.0,172.0,Cash,Online,2022-09-06,True
TXN_3686072,CUST_03,Butchers,Item_21_BUT,35.0,5.0,175.0,Credit Card,In-store,2023-02-23,False
TXN_1745446,CUST_02,Computers and electric accessories,Item_17_CEA,29.0,1.0,29.0,Cash,Online,2022-12-11,False
TXN_1909877,CUST_13,Milk Products,Item_19_MILK,32.0,10.0,320.0,Cash,Online,2024-06-08,True
TXN_9007323,CUST_12,Furniture,Item_8_FUR,15.5,9.0,139.5,Cash,In-store,2022-05-08,
TXN_8629942,CUST_20,Beverages,Item_24_BEV,39.5,4.0,158.0,Cash,In-store,2024-12-08,True
TXN_6357302,CUST_20,Beverages,Item_15_BEV,26.0,1.0,26.0,Credit Card,In-store,2022-09-09,False
TXN_8755760,CUST_10,Milk Products,Item_13_MILK,23.0,9.0,207.0,Digital Wallet,In-store,2024-10-22,True
TXN_5750056,CUST_24,Furniture,Item_21_FUR,35.0,2.0,70.0,Digital Wallet,In-store,2023-09-20,True
TXN_7435444,CUST_18,Computers and electric accessories,Item_11_CEA,20.0,6.0,120.0,Credit Card,Online,2022-07-27,True
TXN_3812949,CUST_17,Beverages,Item_17_BEV,29.0,1.0,29.0,Cash,In-store,2023-07-07,True
TXN_3743264,CUST_20,Milk Products,Item_20_MILK,33.5,2.0,67.0,Digital Wallet,In-store,2022-12-27,False
TXN_5114872,CUST_10,Computers and electric accessories,Item_2_CEA,6.5,1.0,6.5,Cash,In-store,2024-01-27,
TXN_2199268,CUST_15,Patisserie,Item_9_PAT,17.0,2.0,34.0,Cash,In-store,2024-10-06,True
TXN_7472110,CUST_20,Patisserie,Item_8_PAT,15.5,3.0,46.5,Credit Card,Online,2022-08-02,True
TXN_8360887,CUST_12,Milk Products,Item_22_MILK,36.5,10.0,365.0,Cash,Online,2024-12-06,False
TXN_5926927,CUST_24,Patisserie,Item_11_PAT,20.0,1.0,20.0,Credit Card,Online,2025-01-03,False
TXN_1931979,CUST_25,Beverages,Item_15_BEV,26.0,6.0,156.0,Cash,In-store,2024-10-21,
TXN_2845414,CUST_24,Furniture,Item_21_FUR,35.0,10.0,350.0,Digital Wallet,Online,2023-06-19,False
TXN_2231888,CUST_24,Patisserie,Item_23_PAT,38.0,6.0,228.0,Cash,In-store,2024-10-07,False
TXN_3603496,CUST_03,Computers and electric accessories,Item_22_CEA,36.5,8.0,292.0,Credit Card,Online,2023-11-08,False
TXN_7423131,CUST_08,Patisserie,Item_12_PAT,21.5,3.0,64.5,Digital Wallet,Online,2023-09-08,True
TXN_1176248,CUST_16,Beverages,Item_4_BEV,9.5,6.0,57.0,Credit Card,In-store,2022-12-06,True
TXN_6490027,CUST_19,Beverages,Item_21_BEV,35.0,9.0,315.0,Credit Card,Online,2024-08-20,False
TXN_6267373,CUST_19,Food,Item_17_FOOD,29.0,6.0,174.0,Digital Wallet,Online,2022-05-29,
TXN_2633712,CUST_04,Furniture,Item_15_FUR,26.0,6.0,156.0,Cash,In-store,2023-01-14,False
TXN_2028333,CUST_18,Milk Products,,,4.0,110.0,Digital Wallet,In-store,2024-07-28,True
TXN_4452566,CUST_15,Beverages,Item_4_BEV,9.5,8.0,76.0,Digital Wallet,In-store,2022-01-07,False
TXN_5476798,CUST_02,Butchers,,,10.0,380.0,Digital Wallet,Online,2022-10-07,False
TXN_5544428,CUST_18,Computers and electric accessories,Item_13_CEA,23.0,8.0,184.0,Credit Card,Online,2023-07-25,
TXN_3245999,CUST_08,Furniture,Item_21_FUR,35.0,10.0,350.0,Credit Card,Online,2024-08-08,True
TXN_7101386,CUST_16,Computers and electric accessories,Item_20_CEA,33.5,5.0,167.5,Cash,In-store,2022-11-05,True
TXN_9141699,CUST_06,Food,Item_22_FOOD,36.5,2.0,73.0,Cash,Online,2023-05-04,False
TXN_1459286,CUST_03,Furniture,Item_20_FUR,33.5,1.0,33.5,Cash,Online,2024-11-18,
TXN_1714958,CUST_10,Beverages,Item_17_BEV,29.0,5.0,145.0,Cash,Online,2023-05-17,
TXN_4250184,CUST_05,Furniture,Item_12_FUR,21.5,10.0,215.0,Credit Card,Online,2023-08-27,
TXN_5288250,CUST_11,Furniture,Item_5_FUR,11.0,4.0,44.0,Credit Card,In-store,2022-12-01,
TXN_8376834,CUST_16,Computers and electric accessories,Item_6_CEA,12.5,6.0,75.0,Digital Wallet,Online,2023-02-03,False
TXN_9976272,CUST_23,Milk Products,Item_16_MILK,27.5,1.0,27.5,Credit Card,Online,2023-08-22,False
TXN_2992398,CUST_23,Milk Products,Item_13_MILK,23.0,1.0,23.0,Digital Wallet,In-store,2023-09-13,
TXN_8933445,CUST_06,Food,Item_13_FOOD,23.0,5.0,115.0,Digital Wallet,Online,2025-01-16,
TXN_2683845,CUST_17,Butchers,Item_18_BUT,30.5,10.0,305.0,Cash,Online,2022-08-01,False
TXN_4141037,CUST_18,Computers and electric accessories,Item_23_CEA,38.0,3.0,114.0,Cash,In-store,2022-05-02,
TXN_4978776,CUST_04,Butchers,Item_25_BUT,41.0,8.0,328.0,Credit Card,Online,2024-03-17,
TXN_2228646,CUST_12,Computers and electric accessories,Item_18_CEA,30.5,9.0,274.5,Digital Wallet,In-store,2022-02-12,
TXN_1644496,CUST_25,Butchers,Item_21_BUT,35.0,6.0,210.0,Cash,Online,2022-06-30,
TXN_1076536,CUST_23,Computers and electric accessories,Item_8_CEA,15.5,7.0,108.5,Digital Wallet,In-store,2023-05-24,True
TXN_6771103,CUST_11,Butchers,Item_1_BUT,5.0,3.0,15.0,Cash,Online,2024-06-17,
TXN_2885265,CUST_19,Computers and electric accessories,Item_25_CEA,41.0,6.0,246.0,Digital Wallet,In-store,2022-08-07,
TXN_1196570,CUST_22,Beverages,Item_6_BEV,12.5,8.0,100.0,Digital Wallet,Online,2024-02-09,True
TXN_9441688,CUST_03,Patisserie,Item_4_PAT,9.5,10.0,95.0,Digital Wallet,In-store,2022-08-23,False
TXN_1126177,CUST_05,Patisserie,Item_7_PAT,14.0,9.0,126.0,Digital Wallet,In-store,2022-09-26,False
TXN_1232531,CUST_12,Beverages,Item_2_BEV,6.5,3.0,19.5,Cash,Online,2024-05-27,True
TXN_8266591,CUST_02,Food,Item_5_FOOD,11.0,9.0,99.0,Digital Wallet,In-store,2024-12-01,True
TXN_8073779,CUST_25,Patisserie,Item_20_PAT,33.5,7.0,234.5,Credit Card,In-store,2022-07-03,False
TXN_8261937,CUST_14,Electric household essentials,Item_5_EHE,11.0,2.0,22.0,Digital Wallet,In-store,2022-03-10,True
TXN_3617161,CUST_10,Computers and electric accessories,Item_12_CEA,21.5,7.0,150.5,Cash,Online,2022-04-16,False
TXN_3904812,CUST_23,Beverages,Item_15_BEV,26.0,9.0,234.0,Credit Card,Online,2022-03-22,
TXN_6684210,CUST_11,Electric household essentials,Item_9_EHE,17.0,3.0,51.0,Cash,Online,2023-02-16,True
TXN_5849098,CUST_16,Furniture,,,3.0,105.0,Cash,Online,2024-06-23,False
TXN_3010762,CUST_24,Furniture,,,2.0,10.0,Digital Wallet,In-store,2023-07-14,True
TXN_2693158,CUST_18,Patisserie,Item_7_PAT,14.0,10.0,140.0,Digital Wallet,In-store,2022-10-28,True
TXN_9205349,CUST_24,Furniture,Item_7_FUR,14.0,7.0,98.0,Credit Card,Online,2022-10-24,True
TXN_5743023,CUST_22,Electric household essentials,Item_12_EHE,21.5,2.0,43.0,Credit Card,Online,2022-12-17,
TXN_7263862,CUST_08,Milk Products,Item_2_MILK,6.5,8.0,52.0,Credit Card,In-store,2024-07-08,False
TXN_9293724,CUST_18,Electric household essentials,Item_6_EHE,12.5,6.0,75.0,Cash,In-store,2022-11-13,False
TXN_8674901,CUST_17,Furniture,Item_15_FUR,26.0,1.0,26.0,Cash,Online,2022-07-02,True
TXN_1537702,CUST_25,Furniture,Item_20_FUR,33.5,1.0,33.5,Digital Wallet,In-store,2022-06-05,True
TXN_3910370,CUST_22,Beverages,Item_14_BEV,24.5,2.0,49.0,Digital Wallet,In-store,2022-12-23,True
TXN_5005963,CUST_12,Milk Products,Item_1_MILK,5.0,5.0,25.0,Credit Card,Online,2024-03-27,
TXN_3330819,CUST_21,Computers and electric accessories,Item_2_CEA,6.5,6.0,39.0,Digital Wallet,In-store,2022-01-19,
TXN_3549273,CUST_20,Furniture,Item_11_FUR,20.0,9.0,180.0,Cash,In-store,2023-08-01,False
TXN_9671023,CUST_22,Computers and electric accessories,,30.5,,,Credit Card,In-store,2024-11-02,True
TXN_6746331,CUST_11,Butchers,Item_13_BUT,23.0,3.0,69.0,Digital Wallet,In-store,2024-07-08,False
TXN_5554744,CUST_07,Furniture,Item_25_FUR,41.0,9.0,369.0,Digital Wallet,In-store,2024-07-07,
TXN_3404023,CUST_04,Electric household essentials,Item_23_EHE,38.0,4.0,152.0,Digital Wallet,Online,2022-08-08,False
TXN_5258958,CUST_07,Butchers,Item_11_BUT,20.0,10.0,200.0,Digital Wallet,Online,2024-11-23,
TXN_7604627,CUST_09,Butchers,Item_22_BUT,36.5,2.0,73.0,Cash,Online,2023-04-19,True
TXN_5912161,CUST_11,Patisserie,Item_22_PAT,36.5,10.0,365.0,Cash,In-store,2022-11-04,True
TXN_8490314,CUST_24,Electric household essentials,Item_15_EHE,26.0,3.0,78.0,Cash,In-store,2024-12-28,True
TXN_1871813,CUST_10,Beverages,Item_7_BEV,14.0,1.0,14.0,Cash,In-store,2022-08-09,
TXN_2217907,CUST_07,Beverages,Item_14_BEV,24.5,2.0,49.0,Credit Card,In-store,2022-05-15,True
TXN_5986313,CUST_05,Beverages,Item_24_BEV,39.5,6.0,237.0,Credit Card,In-store,2023-01-03,True
TXN_4967670,CUST_02,Patisserie,Item_4_PAT,9.5,9.0,85.5,Cash,In-store,2022-07-15,
TXN_6964259,CUST_14,Milk Products,Item_6_MILK,12.5,6.0,75.0,Credit Card,Online,2023-09-29,False
TXN_2012246,CUST_17,Furniture,Item_11_FUR,20.0,8.0,160.0,Credit Card,In-store,2023-08-28,False
TXN_5926696,CUST_12,Butchers,Item_20_BUT,33.5,8.0,268.0,Credit Card,Online,2022-08-24,
TXN_1550220,CUST_13,Food,Item_6_FOOD,12.5,10.0,125.0,Credit Card,In-store,2023-02-03,
TXN_7005877,CUST_06,Electric household essentials,Item_12_EHE,21.5,8.0,172.0,Digital Wallet,Online,2022-11-25,
TXN_4385983,CUST_25,Milk Products,Item_13_MILK,23.0,3.0,69.0,Digital Wallet,Online,2024-08-24,
TXN_8482271,CUST_23,Patisserie,,20.0,,,Cash,Online,2022-01-05,
TXN_5292453,CUST_09,Furniture,Item_16_FUR,27.5,8.0,220.0,Cash,Online,2023-04-22,False
TXN_3747046,CUST_11,Electric household essentials,Item_18_EHE,30.5,2.0,61.0,Digital Wallet,Online,2022-11-22,False
TXN_5563947,CUST_01,Food,Item_17_FOOD,29.0,3.0,87.0,Digital Wallet,In-store,2022-06-02,False
TXN_8839706,CUST_15,Patisserie,Item_6_PAT,12.5,10.0,125.0,Credit Card,Online,2024-11-28,False
TXN_1778326,CUST_20,Computers and electric accessories,Item_14_CEA,24.5,9.0,220.5,Credit Card,In-store,2023-09-01,False
TXN_2119388,CUST_17,Butchers,Item_16_BUT,27.5,7.0,192.5,Digital Wallet,Online,2022-09-13,True
TXN_8707599,CUST_07,Food,Item_6_FOOD,12.5,10.0,125.0,Cash,In-store,2022-01-26,False
TXN_5367164,CUST_20,Furniture,Item_15_FUR,26.0,8.0,208.0,Credit Card,In-store,2023-12-13,
TXN_9429754,CUST_14,Milk Products,Item_9_MILK,17.0,8.0,136.0,Cash,Online,2023-08-27,True
TXN_1750091,CUST_01,Milk Products,Item_4_MILK,9.5,1.0,9.5,Credit Card,In-store,2023-06-19,True
TXN_1101287,CUST_05,Furniture,Item_11_FUR,20.0,2.0,40.0,Credit Card,Online,2024-01-05,True
TXN_8972051,CUST_10,Electric household essentials,Item_17_EHE,29.0,1.0,29.0,Credit Card,In-store,2024-02-28,True
TXN_9856909,CUST_10,Patisserie,Item_14_PAT,24.5,7.0,171.5,Cash,In-store,2022-07-10,
TXN_9906990,CUST_22,Butchers,Item_3_BUT,8.0,9.0,72.0,Digital Wallet,In-store,2022-07-11,False
TXN_3104119,CUST_19,Furniture,Item_4_FUR,9.5,2.0,19.0,Cash,Online,2022-04-19,
TXN_6829985,CUST_05,Beverages,Item_3_BEV,8.0,2.0,16.0,Cash,Online,2023-11-22,False
TXN_6375821,CUST_19,Butchers,Item_25_BUT,41.0,5.0,205.0,Credit Card,Online,2023-09-29,False
TXN_7205141,CUST_04,Milk Products,Item_5_MILK,11.0,1.0,11.0,Cash,In-store,2022-05-29,
TXN_9749789,CUST_18,Milk Products,Item_19_MILK,32.0,2.0,64.0,Credit Card,In-store,2024-12-10,False
TXN_7796666,CUST_13,Food,Item_12_FOOD,21.5,10.0,215.0,Cash,Online,2024-09-08,False
TXN_4327459,CUST_14,Beverages,Item_14_BEV,24.5,7.0,171.5,Credit Card,In-store,2022-01-09,
TXN_8608354,CUST_08,Patisserie,Item_22_PAT,36.5,1.0,36.5,Digital Wallet,In-store,2024-04-09,True
TXN_1036311,CUST_16,Electric household essentials,Item_17_EHE,29.0,1.0,29.0,Cash,In-store,2022-12-22,False
TXN_8321866,CUST_01,Furniture,Item_8_FUR,15.5,4.0,62.0,Credit Card,Online,2023-08-27,
TXN_5896151,CUST_21,Electric household essentials,Item_15_EHE,26.0,6.0,156.0,Digital Wallet,Online,2024-02-25,False
TXN_1157052,CUST_24,Butchers,Item_13_BUT,23.0,4.0,92.0,Credit Card,Online,2022-11-02,True
TXN_5381793,CUST_05,Furniture,Item_3_FUR,8.0,9.0,72.0,Cash,In-store,2024-12-09,True
TXN_3197907,CUST_25,Patisserie,Item_19_PAT,32.0,6.0,192.0,Cash,In-store,2024-02-09,False
TXN_9891054,CUST_20,Computers and electric accessories,Item_15_CEA,26.0,10.0,260.0,Cash,Online,2022-10-11,False
TXN_7359436,CUST_16,Food,Item_14_FOOD,24.5,10.0,245.0,Cash,In-store,2024-01-02,True
TXN_6016690,CUST_06,Computers and electric accessories,Item_11_CEA,20.0,3.0,60.0,Credit Card,Online,2023-12-13,
TXN_3615491,CUST_02,Patisserie,Item_9_PAT,17.0,7.0,119.0,Credit Card,In-store,2023-09-25,False
TXN_5238211,CUST_09,Furniture,Item_15_FUR,26.0,8.0,208.0,Cash,In-store,2023-12-15,True
TXN_2861834,CUST_25,Patisserie,Item_15_PAT,26.0,3.0,78.0,Cash,Online,2023-04-01,True
TXN_5236248,CUST_21,Food,Item_10_FOOD,18.5,9.0,166.5,Cash,Online,2025-01-15,
TXN_2694098,CUST_09,Milk Products,Item_11_MILK,20.0,10.0,200.0,Cash,Online,2024-10-20,
TXN_3299143,CUST_11,Furniture,Item_2_FUR,6.5,9.0,58.5,Credit Card,Online,2024-03-02,True
TXN_6159011,CUST_21,Furniture,Item_2_FUR,6.5,1.0,6.5,Digital Wallet,Online,2022-07-20,
TXN_1350410,CUST_01,Furniture,Item_10_FUR,18.5,3.0,55.5,Credit Card,Online,2024-09-11,False
TXN_7958601,CUST_08,Milk Products,Item_15_MILK,26.0,1.0,26.0,Cash,Online,2022-06-11,True
TXN_9618417,CUST_24,Electric household essentials,Item_5_EHE,11.0,10.0,110.0,Cash,Online,2022-10-05,
TXN_1151406,CUST_04,Butchers,Item_19_BUT,32.0,9.0,288.0,Digital Wallet,Online,2022-05-18,True
TXN_1358761,CUST_10,Food,Item_6_FOOD,12.5,3.0,37.5,Cash,In-store,2024-05-15,False
TXN_1134117,CUST_18,Beverages,Item_20_BEV,33.5,1.0,33.5,Cash,Online,2024-12-30,
TXN_5805061,CUST_06,Beverages,Item_8_BEV,15.5,3.0,46.5,Credit Card,Online,2023-07-31,True
TXN_6322703,CUST_17,Milk Products,Item_1_MILK,5.0,2.0,10.0,Cash,In-store,2023-07-11,
TXN_3402387,CUST_22,Food,Item_4_FOOD,9.5,3.0,28.5,Credit Card,Online,2023-11-30,
TXN_3009822,CUST_20,Patisserie,Item_11_PAT,20.0,5.0,100.0,Cash,In-store,2024-05-07,False
TXN_4836949,CUST_07,Computers and electric accessories,Item_14_CEA,24.5,10.0,245.0,Credit Card,In-store,2022-02-02,True
TXN_7558362,CUST_08,Patisserie,Item_2_PAT,6.5,4.0,26.0,Credit Card,In-store,2024-06-01,False
TXN_2550629,CUST_10,Butchers,Item_23_BUT,38.0,5.0,190.0,Digital Wallet,Online,2022-04-03,True
TXN_1476715,CUST_11,Beverages,Item_17_BEV,29.0,8.0,232.0,Credit Card,In-store,2022-02-08,False
TXN_5653387,CUST_12,Furniture,Item_7_FUR,14.0,7.0,98.0,Credit Card,Online,2022-05-29,True
TXN_7068372,CUST_23,Computers and electric accessories,,23.0,,,Digital Wallet,In-store,2022-12-10,
TXN_8819433,CUST_06,Computers and electric accessories,Item_12_CEA,21.5,8.0,172.0,Digital Wallet,In-store,2024-04-15,False
TXN_3120139,CUST_23,Food,Item_4_FOOD,9.5,6.0,57.0,Credit Card,Online,2024-02-11,
TXN_9998575,CUST_13,Food,Item_6_FOOD,12.5,9.0,112.5,Credit Card,In-store,2024-01-02,True
TXN_8519777,CUST_16,Beverages,Item_24_BEV,39.5,3.0,118.5,Digital Wallet,Online,2022-07-02,True
TXN_7797790,CUST_24,Beverages,Item_19_BEV,32.0,7.0,224.0,Digital Wallet,Online,2022-10-09,True
TXN_3184832,CUST_06,Electric household essentials,Item_11_EHE,20.0,2.0,40.0,Credit Card,In-store,2022-02-08,True
TXN_7741209,CUST_07,Milk Products,Item_3_MILK,8.0,6.0,48.0,Cash,In-store,2024-06-10,False
TXN_4077794,CUST_19,Butchers,Item_23_BUT,38.0,2.0,76.0,Cash,In-store,2024-07-30,True
TXN_3292575,CUST_15,Furniture,Item_16_FUR,27.5,5.0,137.5,Credit Card,Online,2024-04-15,False
TXN_6959357,CUST_07,Milk Products,Item_6_MILK,12.5,4.0,50.0,Cash,In-store,2023-02-23,True
TXN_5532386,CUST_02,Milk Products,Item_13_MILK,23.0,7.0,161.0,Credit Card,Online,2024-03-19,True
TXN_4242577,CUST_12,Butchers,Item_25_BUT,41.0,5.0,205.0,Cash,Online,2023-02-21,True
TXN_2251911,CUST_08,Furniture,Item_20_FUR,33.5,9.0,301.5,Digital Wallet,In-store,2024-09-28,False
TXN_4034256,CUST_07,Furniture,Item_11_FUR,20.0,6.0,120.0,Digital Wallet,Online,2022-02-06,False
TXN_8491772,CUST_07,Electric household essentials,Item_23_EHE,38.0,3.0,114.0,Cash,Online,2022-10-21,True
TXN_3348274,CUST_11,Food,Item_20_FOOD,33.5,4.0,134.0,Cash,Online,2022-03-24,
TXN_3986908,CUST_13,Food,Item_4_FOOD,9.5,4.0,38.0,Credit Card,Online,2024-10-27,True
TXN_6417831,CUST_22,Computers and electric accessories,,20.0,,,Credit Card,In-store,2024-01-05,False
TXN_4848504,CUST_07,Furniture,Item_12_FUR,21.5,4.0,86.0,Credit Card,Online,2023-01-06,True
TXN_3238663,CUST_06,Butchers,Item_8_BUT,15.5,3.0,46.5,Cash,In-store,2023-11-29,False
TXN_7461424,CUST_25,Beverages,,27.5,,,Cash,In-store,2024-11-23,True
TXN_7467332,CUST_15,Furniture,Item_2_FUR,6.5,3.0,19.5,Digital Wallet,Online,2022-04-19,False
TXN_4722486,CUST_04,Furniture,Item_20_FUR,33.5,2.0,67.0,Cash,Online,2023-12-11,
TXN_7434102,CUST_21,Butchers,Item_20_BUT,33.5,7.0,234.5,Cash,Online,2022-12-11,
TXN_2862297,CUST_11,Butchers,Item_7_BUT,14.0,9.0,126.0,Credit Card,In-store,2022-09-08,
TXN_5498786,CUST_11,Computers and electric accessories,Item_25_CEA,41.0,7.0,287.0,Credit Card,In-store,2024-07-18,
TXN_2329223,CUST_15,Food,Item_22_FOOD,36.5,10.0,365.0,Credit Card,Online,2024-07-15,
TXN_7821157,CUST_11,Computers and electric accessories,Item_9_CEA,17.0,8.0,136.0,Credit Card,Online,2022-08-22,True
TXN_1972761,CUST_23,Patisserie,,,10.0,80.0,Credit Card,In-store,2024-10-24,
TXN_5366697,CUST_01,Milk Products,Item_1_MILK,5.0,1.0,5.0,Credit Card,In-store,2023-07-25,
TXN_5510641,CUST_14,Patisserie,Item_17_PAT,29.0,3.0,87.0,Cash,Online,2023-10-21,False
TXN_1608137,CUST_20,Beverages,Item_11_BEV,20.0,8.0,160.0,Cash,Online,2022-03-13,
TXN_1623314,CUST_20,Patisserie,Item_4_PAT,9.5,8.0,76.0,Digital Wallet,In-store,2024-12-26,False
TXN_9269245,CUST_07,Butchers,Item_6_BUT,12.5,1.0,12.5,Credit Card,In-store,2024-12-15,True
TXN_8785418,CUST_07,Patisserie,Item_1_PAT,5.0,9.0,45.0,Credit Card,Online,2023-02-12,True
TXN_8487838,CUST_18,Computers and electric accessories,,,4.0,44.0,Digital Wallet,Online,2023-02-04,
TXN_8224848,CUST_20,Computers and electric accessories,Item_3_CEA,8.0,5.0,40.0,Digital Wallet,In-store,2022-12-18,True
TXN_6166688,CUST_08,Patisserie,Item_25_PAT,41.0,6.0,246.0,Credit Card,Online,2023-09-29,True
TXN_9951016,CUST_25,Patisserie,Item_2_PAT,6.5,3.0,19.5,Cash,Online,2022-02-01,False
TXN_4956767,CUST_08,Furniture,Item_7_FUR,14.0,8.0,112.0,Credit Card,Online,2023-03-19,False
TXN_4657003,CUST_06,Butchers,Item_8_BUT,15.5,10.0,155.0,Cash,In-store,2024-07-05,
TXN_1392217,CUST_23,Patisserie,Item_8_PAT,15.5,9.0,139.5,Digital Wallet,Online,2024-09-11,True
TXN_8507665,CUST_13,Butchers,Item_18_BUT,30.5,8.0,244.0,Digital Wallet,Online,2023-04-08,False
TXN_3147709,CUST_04,Butchers,Item_2_BUT,6.5,1.0,6.5,Credit Card,Online,2025-01-05,
TXN_4445756,CUST_15,Patisserie,,,4.0,164.0,Credit Card,In-store,2023-10-26,
TXN_7837225,CUST_19,Furniture,Item_19_FUR,32.0,3.0,96.0,Cash,In-store,2023-09-08,True
TXN_6598320,CUST_06,Food,Item_6_FOOD,12.5,4.0,50.0,Digital Wallet,Online,2024-05-05,True
TXN_9170556,CUST_16,Milk Products,Item_1_MILK,5.0,7.0,35.0,Cash,In-store,2023-05-28,True
TXN_8863568,CUST_22,Furniture,Item_21_FUR,35.0,2.0,70.0,Digital Wallet,Online,2022-05-25,True
TXN_9077506,CUST_22,Milk Products,Item_13_MILK,23.0,1.0,23.0,Credit Card,Online,2023-07-11,True
TXN_8678885,CUST_21,Milk Products,Item_3_MILK,8.0,6.0,48.0,Cash,In-store,2022-06-01,
TXN_1256115,CUST_20,Computers and electric accessories,Item_10_CEA,18.5,5.0,92.5,Credit Card,Online,2024-11-25,True
TXN_6857566,CUST_23,Computers and electric accessories,,,2.0,46.0,Credit Card,In-store,2024-03-14,True
TXN_7425088,CUST_07,Computers and electric accessories,Item_19_CEA,32.0,5.0,160.0,Credit Card,In-store,2022-03-25,False
TXN_3757243,CUST_09,Patisserie,Item_11_PAT,20.0,10.0,200.0,Cash,In-store,2024-12-09,False
TXN_7634598,CUST_06,Electric household essentials,Item_8_EHE,15.5,7.0,108.5,Cash,In-store,2022-04-30,
TXN_8664749,CUST_24,Milk Products,Item_7_MILK,14.0,7.0,98.0,Cash,In-store,2024-08-17,
TXN_1011915,CUST_16,Patisserie,Item_19_PAT,32.0,10.0,320.0,Credit Card,In-store,2023-03-25,True
TXN_4693988,CUST_06,Butchers,Item_13_BUT,23.0,10.0,230.0,Cash,Online,2023-04-15,
TXN_5703677,CUST_23,Butchers,Item_6_BUT,12.5,9.0,112.5,Cash,In-store,2022-09-13,False
TXN_7914914,CUST_19,Patisserie,Item_1_PAT,5.0,4.0,20.0,Cash,In-store,2025-01-04,
TXN_5598006,CUST_05,Electric household essentials,Item_13_EHE,23.0,5.0,115.0,Cash,In-store,2024-01-09,False
TXN_4438498,CUST_07,Beverages,Item_14_BEV,24.5,5.0,122.5,Credit Card,Online,2022-06-02,True
TXN_9898312,CUST_18,Electric household essentials,Item_16_EHE,27.5,7.0,192.5,Credit Card,Online,2024-03-06,True
TXN_9410325,CUST_25,Electric household essentials,Item_15_EHE,26.0,9.0,234.0,Digital Wallet,Online,2023-09-13,
TXN_7705441,CUST_25,Milk Products,,26.0,,,Digital Wallet,Online,2022-02-27,False
TXN_2914395,CUST_19,Computers and electric accessories,Item_6_CEA,12.5,2.0,25.0,Credit Card,Online,2022-12-26,True
TXN_8624505,CUST_19,Food,,,9.0,207.0,Cash,In-store,2023-09-15,True
TXN_4104691,CUST_18,Beverages,Item_9_BEV,17.0,7.0,119.0,Digital Wallet,Online,2024-05-23,
TXN_7557655,CUST_11,Furniture,Item_20_FUR,33.5,8.0,268.0,Credit Card,Online,2022-04-04,
TXN_9637396,CUST_19,Electric household essentials,,21.5,,,Cash,Online,2024-09-04,
TXN_2192964,CUST_17,Food,Item_9_FOOD,17.0,7.0,119.0,Digital Wallet,In-store,2022-01-29,False
TXN_5157703,CUST_17,Electric household essentials,Item_1_EHE,5.0,10.0,50.0,Cash,In-store,2022-08-30,True
TXN_9861104,CUST_02,Electric household essentials,Item_23_EHE,38.0,1.0,38.0,Credit Card,In-store,2024-05-01,False
TXN_5135315,CUST_25,Furniture,Item_1_FUR,5.0,5.0,25.0,Credit Card,Online,2022-03-12,
TXN_2641403,CUST_04,Furniture,Item_1_FUR,5.0,3.0,15.0,Digital Wallet,Online,2022-07-12,True
TXN_8263646,CUST_05,Butchers,Item_20_BUT,33.5,4.0,134.0,Cash,In-store,2022-11-15,False
TXN_3609446,CUST_01,Butchers,Item_3_BUT,8.0,9.0,72.0,Digital Wallet,In-store,2022-12-27,
TXN_1713611,CUST_24,Electric household essentials,Item_16_EHE,27.5,1.0,27.5,Digital Wallet,Online,2024-09-14,True
TXN_2843259,CUST_24,Patisserie,,,1.0,27.5,Digital Wallet,In-store,2023-03-25,True
TXN_6957171,CUST_16,Butchers,Item_23_BUT,38.0,7.0,266.0,Cash,Online,2024-05-20,
TXN_2266101,CUST_15,Patisserie,Item_19_PAT,32.0,2.0,64.0,Digital Wallet,In-store,2024-01-29,False
TXN_5083807,CUST_09,Butchers,Item_10_BUT,18.5,4.0,74.0,Cash,Online,2023-01-03,
TXN_8359203,CUST_11,Electric household essentials,Item_9_EHE,17.0,9.0,153.0,Credit Card,In-store,2023-10-30,
TXN_1814138,CUST_06,Beverages,Item_25_BEV,41.0,10.0,410.0,Credit Card,In-store,2024-11-16,
TXN_3278532,CUST_07,Furniture,,,9.0,247.5,Cash,In-store,2025-01-12,False
TXN_5044125,CUST_02,Furniture,Item_25_FUR,41.0,7.0,287.0,Digital Wallet,Online,2024-01-30,
TXN_2880856,CUST_18,Patisserie,Item_13_PAT,23.0,4.0,92.0,Credit Card,In-store,2024-02-15,False
TXN_6337676,CUST_07,Furniture,Item_5_FUR,11.0,9.0,99.0,Digital Wallet,In-store,2023-02-28,
TXN_1909279,CUST_10,Electric household essentials,,24.5,,,Credit Card,Online,2024-06-12,True
TXN_8948224,CUST_12,Food,Item_11_FOOD,20.0,10.0,200.0,Credit Card,Online,2023-03-14,False
TXN_8431366,CUST_12,Butchers,Item_25_BUT,41.0,9.0,369.0,Credit Card,Online,2024-01-01,
TXN_6311622,CUST_17,Furniture,Item_17_FUR,29.0,7.0,203.0,Credit Card,In-store,2023-11-30,True
TXN_4879594,CUST_14,Furniture,Item_15_FUR,26.0,9.0,234.0,Digital Wallet,Online,2023-12-26,False
TXN_4274209,CUST_01,Beverages,Item_10_BEV,18.5,9.0,166.5,Cash,Online,2024-11-19,False
TXN_6178045,CUST_06,Food,Item_6_FOOD,12.5,1.0,12.5,Credit Card,Online,2024-02-03,False
TXN_7893748,CUST_24,Beverages,Item_12_BEV,21.5,5.0,107.5,Cash,Online,2022-06-06,
TXN_1929919,CUST_21,Butchers,Item_7_BUT,14.0,6.0,84.0,Cash,In-store,2023-07-27,
TXN_4250712,CUST_24,Milk Products,Item_11_MILK,20.0,5.0,100.0,Credit Card,Online,2022-10-17,
TXN_8568584,CUST_14,Butchers,Item_20_BUT,33.5,4.0,134.0,Cash,Online,2024-09-25,False
TXN_3512388,CUST_14,Furniture,,,10.0,110.0,Digital Wallet,In-store,2024-03-30,
TXN_5518578,CUST_06,Electric household essentials,Item_19_EHE,32.0,6.0,192.0,Cash,In-store,2022-09-15,False
TXN_3665861,CUST_23,Furniture,Item_18_FUR,30.5,1.0,30.5,Credit Card,Online,2023-01-30,
TXN_6625191,CUST_22,Beverages,Item_14_BEV,24.5,8.0,196.0,Digital Wallet,Online,2022-05-23,False
TXN_2259360,CUST_25,Electric household essentials,Item_12_EHE,21.5,6.0,129.0,Digital Wallet,In-store,2022-02-17,False
TXN_4732308,CUST_14,Milk Products,Item_13_MILK,23.0,4.0,92.0,Credit Card,In-store,2022-11-28,
TXN_5276201,CUST_08,Computers and electric accessories,Item_21_CEA,35.0,7.0,245.0,Digital Wallet,In-store,2023-03-24,True
TXN_8905154,CUST_09,Butchers,,,5.0,115.0,Credit Card,In-store,2022-10-24,
TXN_4785966,CUST_09,Electric household essentials,Item_10_EHE,18.5,1.0,18.5,Digital Wallet,In-store,2022-09-11,True
TXN_8377286,CUST_16,Electric household essentials,Item_15_EHE,26.0,5.0,130.0,Credit Card,In-store,2024-06-25,False
TXN_2789621,CUST_05,Milk Products,Item_25_MILK,41.0,3.0,123.0,Digital Wallet,In-store,2023-07-15,False
TXN_5084402,CUST_12,Butchers,Item_22_BUT,36.5,1.0,36.5,Cash,In-store,2024-04-06,
TXN_8578826,CUST_24,Computers and electric accessories,Item_9_CEA,17.0,3.0,51.0,Digital Wallet,Online,2024-08-15,False
TXN_9979595,CUST_14,Butchers,Item_22_BUT,36.5,4.0,146.0,Digital Wallet,Online,2023-03-02,
TXN_4285730,CUST_17,Patisserie,Item_24_PAT,39.5,6.0,237.0,Cash,Online,2022-01-14,
TXN_9212341,CUST_02,Butchers,Item_13_BUT,23.0,9.0,207.0,Credit Card,In-store,2023-08-23,False
TXN_1587097,CUST_03,Computers and electric accessories,Item_16_CEA,27.5,10.0,275.0,Cash,In-store,2024-02-25,False
TXN_3636688,CUST_23,Patisserie,Item_14_PAT,24.5,8.0,196.0,Credit Card,Online,2025-01-05,False
TXN_1534681,CUST_08,Food,,24.5,,,Credit Card,In-store,2023-01-11,False
TXN_8824415,CUST_10,Computers and electric accessories,Item_10_CEA,18.5,4.0,74.0,Credit Card,In-store,2023-06-11,
TXN_8423309,CUST_16,Computers and electric accessories,Item_3_CEA,8.0,9.0,72.0,Credit Card,Online,2022-05-30,False
TXN_5634366,CUST_24,Patisserie,Item_19_PAT,32.0,2.0,64.0,Cash,Online,2023-06-12,
TXN_1770062,CUST_05,Furniture,Item_25_FUR,41.0,2.0,82.0,Cash,In-store,2023-02-28,True
TXN_4344002,CUST_07,Beverages,Item_11_BEV,20.0,3.0,60.0,Credit Card,Online,2023-09-28,False
TXN_4161318,CUST_21,Electric household essentials,Item_13_EHE,23.0,7.0,161.0,Credit Card,Online,2023-08-18,False
TXN_2718523,CUST_25,Electric household essentials,Item_15_EHE,26.0,5.0,130.0,Credit Card,In-store,2024-08-27,
TXN_8660754,CUST_01,Computers and electric accessories,Item_9_CEA,17.0,2.0,34.0,Digital Wallet,In-store,2022-03-24,True
TXN_5283643,CUST_02,Beverages,Item_24_BEV,39.5,8.0,316.0,Cash,Online,2023-07-09,True
TXN_5401680,CUST_21,Electric household essentials,Item_11_EHE,20.0,9.0,180.0,Cash,In-store,2023-01-23,False
TXN_6203639,CUST_11,Beverages,Item_19_BEV,32.0,5.0,160.0,Digital Wallet,Online,2022-06-07,
TXN_6461094,CUST_19,Beverages,Item_2_BEV,6.5,3.0,19.5,Cash,In-store,2024-04-04,True
TXN_8217860,CUST_04,Computers and electric accessories,Item_17_CEA,29.0,10.0,290.0,Credit Card,In-store,2022-07-23,
TXN_2411071,CUST_17,Electric household essentials,Item_25_EHE,41.0,4.0,164.0,Cash,In-store,2023-11-28,False
TXN_1898388,CUST_17,Milk Products,Item_19_MILK,32.0,8.0,256.0,Credit Card,In-store,2023-09-22,False
TXN_1787892,CUST_20,Food,Item_10_FOOD,18.5,6.0,111.0,Digital Wallet,Online,2022-11-10,True
TXN_2031813,CUST_12,Butchers,,,1.0,6.5,Credit Card,Online,2024-07-11,True
TXN_1426923,CUST_07,Food,Item_18_FOOD,30.5,5.0,152.5,Cash,In-store,2022-04-10,True
TXN_7988578,CUST_23,Butchers,Item_22_BUT,36.5,7.0,255.5,Credit Card,In-store,2023-01-18,True
TXN_7642752,CUST_01,Computers and electric accessories,Item_2_CEA,6.5,10.0,65.0,Cash,Online,2025-01-15,False
TXN_5676229,CUST_18,Food,Item_13_FOOD,23.0,2.0,46.0,Credit Card,Online,2022-02-21,True
TXN_2515470,CUST_07,Food,,8.0,,,Credit Card,Online,2023-09-20,
TXN_4235666,CUST_05,Furniture,Item_18_FUR,30.5,8.0,244.0,Credit Card,Online,2022-05-19,False
TXN_6576597,CUST_03,Computers and electric accessories,Item_10_CEA,18.5,9.0,166.5,Cash,Online,2023-02-09,
TXN_2823534,CUST_06,Food,Item_3_FOOD,8.0,1.0,8.0,Digital Wallet,In-store,2024-03-28,
TXN_7633119,CUST_05,Electric household essentials,Item_13_EHE,23.0,9.0,207.0,Cash,Online,2022-03-01,True
TXN_8110567,CUST_02,Beverages,,33.5,,,Digital Wallet,In-store,2022-04-12,True
TXN_3833413,CUST_02,Butchers,Item_4_BUT,9.5,5.0,47.5,Credit Card,In-store,2023-03-20,False
TXN_7085000,CUST_01,Electric household essentials,Item_5_EHE,11.0,8.0,88.0,Cash,Online,2022-07-23,True
TXN_9925623,CUST_25,Beverages,Item_25_BEV,41.0,4.0,164.0,Credit Card,Online,2022-08-20,False
TXN_6287957,CUST_01,Butchers,Item_16_BUT,27.5,5.0,137.5,Credit Card,Online,2023-06-19,True
TXN_9187149,CUST_18,Butchers,Item_24_BUT,39.5,6.0,237.0,Cash,In-store,2022-01-13,
TXN_7166849,CUST_10,Furniture,Item_8_FUR,15.5,7.0,108.5,Credit Card,Online,2023-10-15,True
TXN_7189749,CUST_24,Butchers,Item_10_BUT,18.5,6.0,111.0,Cash,Online,2022-07-17,
TXN_3818660,CUST_12,Food,Item_12_FOOD,21.5,4.0,86.0,Cash,In-store,2024-12-13,False
TXN_3470552,CUST_12,Furniture,Item_23_FUR,38.0,10.0,380.0,Digital Wallet,Online,2024-03-09,False
TXN_2848606,CUST_21,Electric household essentials,Item_20_EHE,33.5,6.0,201.0,Cash,In-store,2022-12-20,
TXN_8262433,CUST_22,Computers and electric accessories,Item_5_CEA,11.0,10.0,110.0,Credit Card,Online,2023-09-18,False
TXN_5376341,CUST_16,Food,Item_9_FOOD,17.0,6.0,102.0,Credit Card,Online,2022-02-22,
TXN_7829206,CUST_23,Butchers,Item_8_BUT,15.5,1.0,15.5,Cash,Online,2024-12-05,True
TXN_4107798,CUST_25,Computers and electric accessories,Item_18_CEA,30.5,6.0,183.0,Cash,Online,2022-09-08,
TXN_9922518,CUST_08,Food,Item_22_FOOD,36.5,9.0,328.5,Cash,Online,2023-07-30,True
TXN_9250241,CUST_05,Beverages,Item_10_BEV,18.5,1.0,18.5,Cash,Online,2024-11-17,True
TXN_3499525,CUST_02,Beverages,,15.5,,,Digital Wallet,Online,2024-02-16,
TXN_9218611,CUST_01,Milk Products,Item_7_MILK,14.0,8.0,112.0,Digital Wallet,Online,2023-12-16,False
TXN_2165118,CUST_11,Food,Item_17_FOOD,29.0,6.0,174.0,Cash,In-store,2023-11-28,False
TXN_1096977,CUST_07,Food,,,9.0,207.0,Cash,In-store,2024-12-07,False
TXN_1772882,CUST_15,Butchers,Item_11_BUT,20.0,9.0,180.0,Digital Wallet,In-store,2023-12-18,True
TXN_8988049,CUST_01,Milk Products,,8.0,,,Digital Wallet,In-store,2023-06-27,False
TXN_7477131,CUST_15,Patisserie,Item_7_PAT,14.0,3.0,42.0,Cash,Online,2024-09-29,True
TXN_9887959,CUST_24,Beverages,,21.5,,,Cash,Online,2023-08-09,True
TXN_3499898,CUST_12,Furniture,Item_20_FUR,33.5,3.0,100.5,Credit Card,Online,2024-03-28,
TXN_9017628,CUST_19,Food,,,5.0,55.0,Credit Card,In-store,2022-10-10,False
TXN_3294951,CUST_19,Food,Item_5_FOOD,11.0,10.0,110.0,Cash,In-store,2023-09-15,False
TXN_9568940,CUST_24,Patisserie,Item_12_PAT,21.5,5.0,107.5,Cash,Online,2025-01-02,False
TXN_2508784,CUST_02,Beverages,Item_8_BEV,15.5,7.0,108.5,Credit Card,Online,2024-08-29,True
TXN_9196494,CUST_25,Electric household essentials,Item_25_EHE,41.0,5.0,205.0,Credit Card,In-store,2024-12-28,True
TXN_5928440,CUST_19,Furniture,Item_14_FUR,24.5,2.0,49.0,Digital Wallet,In-store,2022-04-29,
TXN_3264150,CUST_19,Milk Products,Item_4_MILK,9.5,10.0,95.0,Credit Card,Online,2023-03-24,
TXN_5298533,CUST_03,Food,Item_6_FOOD,12.5,8.0,100.0,Cash,Online,2023-11-24,True
TXN_4777165,CUST_08,Milk Products,Item_3_MILK,8.0,1.0,8.0,Cash,In-store,2022-06-01,True
TXN_7109246,CUST_04,Butchers,,,8.0,64.0,Cash,Online,2022-03-11,False
TXN_5616762,CUST_04,Butchers,,,8.0,172.0,Credit Card,Online,2022-01-24,True
TXN_1231953,CUST_13,Computers and electric accessories,Item_9_CEA,17.0,8.0,136.0,Digital Wallet,Online,2024-02-16,False
TXN_7547051,CUST_23,Food,Item_25_FOOD,41.0,3.0,123.0,Digital Wallet,In-store,2024-09-24,False
TXN_4162114,CUST_11,Food,Item_12_FOOD,21.5,5.0,107.5,Cash,Online,2023-05-02,False
TXN_1995311,CUST_23,Patisserie,,38.0,,,Cash,In-store,2024-05-16,False
TXN_4999688,CUST_18,Computers and electric accessories,Item_12_CEA,21.5,7.0,150.5,Credit Card,In-store,2023-01-13,
TXN_4874732,CUST_24,Butchers,Item_25_BUT,41.0,5.0,205.0,Cash,Online,2022-10-04,True
TXN_9981851,CUST_03,Furniture,Item_25_FUR,41.0,9.0,369.0,Digital Wallet,Online,2024-11-27,
TXN_5086683,CUST_02,Furniture,Item_7_FUR,14.0,1.0,14.0,Digital Wallet,Online,2024-10-13,False
TXN_7021336,CUST_25,Beverages,Item_3_BEV,8.0,10.0,80.0,Digital Wallet,Online,2022-07-03,True
TXN_2059563,CUST_15,Computers and electric accessories,Item_12_CEA,21.5,5.0,107.5,Digital Wallet,Online,2024-07-23,True
TXN_1497345,CUST_15,Furniture,Item_14_FUR,24.5,8.0,196.0,Cash,Online,2022-01-05,True
TXN_2024330,CUST_02,Patisserie,Item_23_PAT,38.0,9.0,342.0,Credit Card,Online,2024-06-29,
TXN_1277309,CUST_24,Computers and electric accessories,Item_7_CEA,14.0,9.0,126.0,Credit Card,In-store,2023-06-01,False
TXN_6956313,CUST_04,Beverages,Item_2_BEV,6.5,10.0,65.0,Cash,In-store,2023-09-04,
TXN_2334740,CUST_25,Electric household essentials,Item_8_EHE,15.5,2.0,31.0,Credit Card,In-store,2022-11-11,
TXN_3803930,CUST_23,Electric household essentials,Item_22_EHE,36.5,5.0,182.5,Digital Wallet,Online,2025-01-14,True
TXN_3514548,CUST_18,Electric household essentials,Item_25_EHE,41.0,1.0,41.0,Credit Card,In-store,2024-04-05,False
TXN_8322817,CUST_23,Patisserie,,,8.0,304.0,Digital Wallet,In-store,2022-06-15,
TXN_2706063,CUST_15,Butchers,Item_12_BUT,21.5,4.0,86.0,Cash,Online,2022-09-10,False
TXN_8914114,CUST_16,Milk Products,,,8.0,112.0,Digital Wallet,In-store,2023-09-22,True
TXN_3426280,CUST_24,Computers and electric accessories,Item_12_CEA,21.5,5.0,107.5,Digital Wallet,In-store,2024-02-28,
TXN_1465531,CUST_20,Milk Products,Item_2_MILK,6.5,10.0,65.0,Credit Card,In-store,2024-07-03,True
TXN_2677539,CUST_15,Food,,39.5,,,Cash,In-store,2022-08-31,False
TXN_8355918,CUST_25,Electric household essentials,Item_6_EHE,12.5,1.0,12.5,Digital Wallet,In-store,2024-06-03,
TXN_6666458,CUST_21,Furniture,Item_24_FUR,39.5,2.0,79.0,Digital Wallet,In-store,2023-03-29,False
TXN_9941031,CUST_05,Patisserie,Item_5_PAT,11.0,5.0,55.0,Credit Card,In-store,2023-04-14,False
TXN_8295482,CUST_23,Electric household essentials,Item_20_EHE,33.5,3.0,100.5,Cash,Online,2022-11-09,
TXN_5747894,CUST_14,Beverages,Item_7_BEV,14.0,6.0,84.0,Credit Card,Online,2024-09-25,False
TXN_8420316,CUST_07,Food,Item_14_FOOD,24.5,7.0,171.5,Digital Wallet,In-store,2024-02-21,
TXN_8847569,CUST_16,Electric household essentials,Item_21_EHE,35.0,5.0,175.0,Cash,In-store,2023-07-19,True
TXN_1662766,CUST_18,Milk Products,Item_16_MILK,27.5,2.0,55.0,Digital Wallet,Online,2024-05-19,False
TXN_6276011,CUST_15,Butchers,Item_22_BUT,36.5,4.0,146.0,Cash,Online,2022-06-10,True
TXN_9003488,CUST_11,Computers and electric accessories,Item_4_CEA,9.5,7.0,66.5,Cash,Online,2022-10-22,
TXN_2510850,CUST_08,Beverages,Item_12_BEV,21.5,7.0,150.5,Cash,In-store,2024-02-15,
TXN_5038261,CUST_17,Patisserie,Item_1_PAT,5.0,8.0,40.0,Credit Card,In-store,2023-06-07,True
TXN_4954934,CUST_13,Computers and electric accessories,Item_20_CEA,33.5,4.0,134.0,Cash,In-store,2024-08-13,False
TXN_3032195,CUST_07,Beverages,Item_2_BEV,6.5,6.0,39.0,Digital Wallet,Online,2022-02-14,False
TXN_4104623,CUST_09,Butchers,Item_15_BUT,26.0,2.0,52.0,Cash,Online,2024-10-25,
TXN_9535889,CUST_08,Electric household essentials,Item_17_EHE,29.0,1.0,29.0,Credit Card,Online,2024-03-20,True
TXN_6950644,CUST_13,Milk Products,Item_21_MILK,35.0,7.0,245.0,Credit Card,Online,2024-11-20,True
TXN_7948898,CUST_25,Patisserie,Item_14_PAT,24.5,2.0,49.0,Cash,Online,2022-07-17,
TXN_6375978,CUST_23,Milk Products,Item_11_MILK,20.0,10.0,200.0,Digital Wallet,In-store,2022-04-07,False
TXN_2090456,CUST_05,Butchers,,,10.0,395.0,Cash,In-store,2023-12-15,True
TXN_3974668,CUST_24,Furniture,Item_8_FUR,15.5,3.0,46.5,Digital Wallet,Online,2024-03-22,
TXN_5403498,CUST_16,Furniture,Item_7_FUR,14.0,7.0,98.0,Credit Card,In-store,2024-05-18,True
TXN_6255024,CUST_14,Beverages,Item_19_BEV,32.0,3.0,96.0,Digital Wallet,Online,2023-07-18,True
TXN_5980975,CUST_13,Furniture,,5.0,,,Credit Card,Online,2023-08-01,
TXN_9094922,CUST_23,Electric household essentials,Item_19_EHE,32.0,5.0,160.0,Credit Card,In-store,2022-07-12,False
TXN_3928788,CUST_23,Food,Item_14_FOOD,24.5,8.0,196.0,Credit Card,Online,2024-04-29,False
TXN_2306841,CUST_04,Furniture,Item_23_FUR,38.0,2.0,76.0,Cash,In-store,2023-05-06,True
TXN_4176444,CUST_14,Butchers,Item_21_BUT,35.0,2.0,70.0,Digital Wallet,In-store,2022-10-15,False
TXN_6651280,CUST_18,Patisserie,Item_16_PAT,27.5,6.0,165.0,Digital Wallet,In-store,2022-12-05,True
TXN_5085529,CUST_05,Computers and electric accessories,Item_21_CEA,35.0,10.0,350.0,Credit Card,In-store,2023-09-22,True
TXN_9454633,CUST_16,Butchers,Item_20_BUT,33.5,5.0,167.5,Credit Card,In-store,2024-04-04,
TXN_4298148,CUST_18,Butchers,Item_12_BUT,21.5,8.0,172.0,Credit Card,Online,2022-01-11,
TXN_7459810,CUST_09,Food,Item_7_FOOD,14.0,8.0,112.0,Digital Wallet,Online,2022-12-01,False
TXN_9834766,CUST_04,Butchers,Item_22_BUT,36.5,9.0,328.5,Credit Card,Online,2023-10-24,False
TXN_3051299,CUST_20,Food,Item_14_FOOD,24.5,10.0,245.0,Digital Wallet,Online,2025-01-11,False
TXN_5276329,CUST_09,Food,Item_5_FOOD,11.0,1.0,11.0,Cash,Online,2023-12-18,False
TXN_9472056,CUST_16,Milk Products,Item_8_MILK,15.5,7.0,108.5,Cash,In-store,2024-06-22,True
TXN_9328530,CUST_19,Furniture,Item_12_FUR,21.5,10.0,215.0,Credit Card,Online,2023-06-28,True
TXN_9442074,CUST_06,Butchers,Item_7_BUT,14.0,6.0,84.0,Credit Card,Online,2023-10-24,True
TXN_1860632,CUST_18,Computers and electric accessories,Item_14_CEA,24.5,8.0,196.0,Cash,In-store,2022-11-30,True
TXN_8655596,CUST_15,Computers and electric accessories,Item_13_CEA,23.0,6.0,138.0,Credit Card,In-store,2024-12-29,False
TXN_7516693,CUST_01,Food,Item_14_FOOD,24.5,2.0,49.0,Digital Wallet,Online,2023-04-19,False
TXN_9501990,CUST_04,Milk Products,Item_1_MILK,5.0,5.0,25.0,Cash,In-store,2022-02-18,False
TXN_3368345,CUST_25,Furniture,,12.5,,,Credit Card,In-store,2022-10-03,False
TXN_6616600,CUST_17,Food,Item_11_FOOD,20.0,4.0,80.0,Digital Wallet,In-store,2022-11-20,True
TXN_4494866,CUST_22,Computers and electric accessories,Item_2_CEA,6.5,4.0,26.0,Credit Card,In-store,2024-03-11,False
TXN_7145436,CUST_24,Milk Products,Item_24_MILK,39.5,8.0,316.0,Cash,In-store,2024-08-18,
TXN_1530750,CUST_08,Milk Products,Item_1_MILK,5.0,2.0,10.0,Cash,Online,2022-11-12,True
TXN_9066396,CUST_09,Furniture,Item_10_FUR,18.5,2.0,37.0,Digital Wallet,Online,2023-03-21,
TXN_8866685,CUST_13,Electric household essentials,Item_21_EHE,35.0,1.0,35.0,Digital Wallet,Online,2022-08-04,False
TXN_2985819,CUST_13,Beverages,Item_17_BEV,29.0,9.0,261.0,Digital Wallet,Online,2023-09-07,False
TXN_9803487,CUST_13,Beverages,Item_4_BEV,9.5,5.0,47.5,Credit Card,Online,2023-03-29,False
TXN_5726935,CUST_09,Milk Products,Item_13_MILK,23.0,9.0,207.0,Credit Card,Online,2022-02-23,True
TXN_1638586,CUST_06,Food,Item_6_FOOD,12.5,6.0,75.0,Digital Wallet,Online,2023-05-19,
TXN_9012270,CUST_18,Beverages,Item_17_BEV,29.0,4.0,116.0,Digital Wallet,Online,2022-10-17,False
TXN_8454077,CUST_11,Computers and electric accessories,,,2.0,16.0,Cash,Online,2023-02-15,True
TXN_5684370,CUST_11,Computers and electric accessories,Item_19_CEA,32.0,5.0,160.0,Cash,In-store,2022-10-06,True
TXN_8625922,CUST_08,Beverages,Item_6_BEV,12.5,10.0,125.0,Credit Card,Online,2023-12-22,False
TXN_9193765,CUST_11,Milk Products,Item_16_MILK,27.5,10.0,275.0,Digital Wallet,In-store,2023-09-13,
TXN_8466158,CUST_06,Patisserie,Item_23_PAT,38.0,4.0,152.0,Credit Card,Online,2023-04-08,
TXN_6490751,CUST_07,Electric household essentials,Item_8_EHE,15.5,1.0,15.5,Credit Card,In-store,2023-04-27,True
TXN_4421171,CUST_23,Patisserie,Item_20_PAT,33.5,10.0,335.0,Cash,Online,2023-01-15,
TXN_9573978,CUST_14,Computers and electric accessories,Item_17_CEA,29.0,10.0,290.0,Cash,Online,2022-03-03,
TXN_5094937,CUST_09,Patisserie,Item_12_PAT,21.5,4.0,86.0,Digital Wallet,In-store,2022-10-25,
TXN_7481579,CUST_09,Patisserie,Item_9_PAT,17.0,8.0,136.0,Cash,In-store,2023-05-13,False
TXN_2035631,CUST_14,Milk Products,Item_22_MILK,36.5,7.0,255.5,Cash,In-store,2024-02-27,
TXN_3088090,CUST_18,Furniture,Item_8_FUR,15.5,1.0,15.5,Cash,Online,2024-01-14,
TXN_7727282,CUST_14,Food,Item_6_FOOD,12.5,6.0,75.0,Credit Card,In-store,2024-06-09,
TXN_3958182,CUST_25,Food,Item_13_FOOD,23.0,8.0,184.0,Credit Card,Online,2024-01-17,True
TXN_9855768,CUST_02,Milk Products,Item_3_MILK,8.0,4.0,32.0,Cash,Online,2024-02-06,False
TXN_3710081,CUST_25,Furniture,Item_25_FUR,41.0,10.0,410.0,Digital Wallet,In-store,2023-08-12,
TXN_1118935,CUST_08,Butchers,Item_8_BUT,15.5,7.0,108.5,Digital Wallet,Online,2022-06-20,
TXN_9442836,CUST_17,Butchers,Item_8_BUT,15.5,9.0,139.5,Credit Card,In-store,2023-02-21,False
TXN_7113206,CUST_09,Milk Products,,27.5,,,Digital Wallet,In-store,2023-07-28,
TXN_1846815,CUST_14,Butchers,Item_20_BUT,33.5,6.0,201.0,Cash,In-store,2023-12-22,False
TXN_1909410,CUST_14,Patisserie,Item_21_PAT,35.0,1.0,35.0,Cash,In-store,2023-09-06,False
TXN_9619819,CUST_24,Milk Products,Item_7_MILK,14.0,9.0,126.0,Digital Wallet,In-store,2022-11-08,False
TXN_2081389,CUST_05,Milk Products,Item_23_MILK,38.0,6.0,228.0,Digital Wallet,In-store,2024-03-18,False
TXN_1668933,CUST_02,Beverages,Item_12_BEV,21.5,2.0,43.0,Cash,In-store,2022-05-14,
TXN_7417646,CUST_13,Furniture,Item_25_FUR,41.0,6.0,246.0,Credit Card,Online,2024-03-06,False
TXN_5674806,CUST_14,Butchers,Item_12_BUT,21.5,1.0,21.5,Credit Card,In-store,2022-09-29,True
TXN_3704834,CUST_07,Electric household essentials,,29.0,,,Cash,Online,2022-07-06,False
TXN_4123250,CUST_12,Milk Products,Item_13_MILK,23.0,9.0,207.0,Cash,In-store,2024-05-27,
TXN_4524072,CUST_13,Furniture,Item_17_FUR,29.0,6.0,174.0,Cash,In-store,2024-01-14,True
TXN_4196751,CUST_08,Butchers,Item_21_BUT,35.0,9.0,315.0,Cash,Online,2022-12-24,
TXN_8789507,CUST_01,Electric household essentials,Item_25_EHE,41.0,4.0,164.0,Digital Wallet,In-store,2023-09-30,True
TXN_7757078,CUST_22,Food,Item_11_FOOD,20.0,1.0,20.0,Digital Wallet,Online,2023-02-21,False
TXN_4635088,CUST_11,Milk Products,Item_16_MILK,27.5,3.0,82.5,Digital Wallet,In-store,2022-12-08,False
TXN_5398868,CUST_09,Milk Products,Item_24_MILK,39.5,9.0,355.5,Credit Card,In-store,2023-04-18,False
TXN_8378613,CUST_01,Patisserie,Item_12_PAT,21.5,9.0,193.5,Digital Wallet,In-store,2023-03-01,False
TXN_2571677,CUST_22,Computers and electric accessories,Item_25_CEA,41.0,5.0,205.0,Credit Card,In-store,2023-10-24,
TXN_6202481,CUST_14,Food,Item_21_FOOD,35.0,5.0,175.0,Credit Card,Online,2023-03-31,True
TXN_8796421,CUST_20,Computers and electric accessories,Item_23_CEA,38.0,6.0,228.0,Cash,Online,2023-04-08,False
TXN_2100964,CUST_23,Computers and electric accessories,Item_5_CEA,11.0,1.0,11.0,Digital Wallet,Online,2022-09-12,
TXN_4614873,CUST_03,Furniture,,,9.0,234.0,Cash,Online,2023-07-29,False
TXN_5006011,CUST_10,Butchers,,,8.0,280.0,Cash,In-store,2022-01-11,
TXN_4358862,CUST_06,Butchers,Item_2_BUT,6.5,4.0,26.0,Digital Wallet,In-store,2022-04-19,True
TXN_2539807,CUST_18,Beverages,Item_14_BEV,24.5,5.0,122.5,Cash,Online,2022-05-15,True
TXN_1273334,CUST_22,Beverages,Item_25_BEV,41.0,10.0,410.0,Digital Wallet,In-store,2022-11-04,True
TXN_3076324,CUST_07,Patisserie,Item_17_PAT,29.0,2.0,58.0,Credit Card,In-store,2023-06-12,True
TXN_6185567,CUST_11,Furniture,Item_5_FUR,11.0,4.0,44.0,Digital Wallet,Online,2024-07-17,True
TXN_8267845,CUST_14,Computers and electric accessories,Item_11_CEA,20.0,8.0,160.0,Cash,In-store,2024-02-13,True
TXN_6619000,CUST_16,Furniture,Item_12_FUR,21.5,10.0,215.0,Cash,Online,2024-05-02,True
TXN_3042689,CUST_01,Furniture,Item_7_FUR,14.0,3.0,42.0,Credit Card,In-store,2024-05-16,True
TXN_4764571,CUST_18,Food,Item_2_FOOD,6.5,6.0,39.0,Digital Wallet,Online,2023-01-16,False
TXN_5028536,CUST_03,Butchers,Item_13_BUT,23.0,1.0,23.0,Digital Wallet,In-store,2024-09-21,False
TXN_3776622,CUST_11,Computers and electric accessories,Item_19_CEA,32.0,10.0,320.0,Digital Wallet,In-store,2024-11-05,True
TXN_7969813,CUST_17,Electric household essentials,Item_12_EHE,21.5,1.0,21.5,Credit Card,In-store,2022-06-16,True
TXN_1202644,CUST_01,Food,Item_25_FOOD,41.0,5.0,205.0,Credit Card,In-store,2023-04-02,False
TXN_2246737,CUST_23,Computers and electric accessories,Item_21_CEA,35.0,3.0,105.0,Credit Card,Online,2022-06-05,
TXN_4222025,CUST_02,Electric household essentials,Item_9_EHE,17.0,4.0,68.0,Digital Wallet,Online,2022-03-27,False
TXN_4050560,CUST_13,Electric household essentials,Item_15_EHE,26.0,6.0,156.0,Cash,Online,2024-07-17,False
TXN_6606292,CUST_19,Beverages,Item_22_BEV,36.5,5.0,182.5,Cash,In-store,2023-12-21,False
TXN_8048817,CUST_23,Patisserie,Item_22_PAT,36.5,7.0,255.5,Cash,In-store,2024-09-12,True
TXN_8735696,CUST_06,Butchers,Item_15_BUT,26.0,7.0,182.0,Digital Wallet,Online,2024-02-05,False
TXN_7978024,CUST_15,Electric household essentials,Item_17_EHE,29.0,9.0,261.0,Digital Wallet,Online,2022-02-27,False
TXN_4351976,CUST_15,Computers and electric accessories,Item_15_CEA,26.0,6.0,156.0,Cash,Online,2024-08-03,False
TXN_9212134,CUST_25,Furniture,Item_25_FUR,41.0,1.0,41.0,Digital Wallet,In-store,2024-07-14,False
TXN_6309225,CUST_07,Electric household essentials,Item_8_EHE,15.5,4.0,62.0,Digital Wallet,Online,2023-08-15,False
TXN_2844489,CUST_21,Butchers,Item_18_BUT,30.5,9.0,274.5,Credit Card,In-store,2022-09-26,True
TXN_9620768,CUST_07,Butchers,,21.5,,,Cash,Online,2024-04-06,True
TXN_9555119,CUST_15,Food,Item_8_FOOD,15.5,7.0,108.5,Digital Wallet,Online,2023-03-29,True
TXN_6589273,CUST_07,Computers and electric accessories,Item_20_CEA,33.5,3.0,100.5,Credit Card,Online,2022-03-25,True
TXN_4109801,CUST_24,Food,Item_21_FOOD,35.0,3.0,105.0,Digital Wallet,In-store,2023-07-11,True
TXN_2453867,CUST_03,Food,Item_9_FOOD,17.0,7.0,119.0,Credit Card,In-store,2023-07-02,False
TXN_9648937,CUST_19,Beverages,Item_24_BEV,39.5,10.0,395.0,Cash,In-store,2022-08-25,
TXN_1896794,CUST_18,Furniture,Item_19_FUR,32.0,7.0,224.0,Credit Card,Online,2023-10-23,True
TXN_9025948,CUST_21,Beverages,,8.0,,,Digital Wallet,In-store,2023-12-25,True
TXN_2208386,CUST_22,Food,Item_24_FOOD,39.5,2.0,79.0,Credit Card,Online,2023-08-30,True
TXN_3778032,CUST_01,Electric household essentials,Item_9_EHE,17.0,5.0,85.0,Cash,Online,2022-01-21,False
TXN_8514175,CUST_10,Patisserie,Item_5_PAT,11.0,1.0,11.0,Digital Wallet,In-store,2024-12-28,True
TXN_7709385,CUST_14,Computers and electric accessories,Item_21_CEA,35.0,1.0,35.0,Credit Card,In-store,2023-08-03,
TXN_2764427,CUST_03,Milk Products,Item_18_MILK,30.5,8.0,244.0,Cash,In-store,2024-07-16,False
TXN_6731052,CUST_11,Milk Products,Item_24_MILK,39.5,7.0,276.5,Digital Wallet,In-store,2024-09-11,True
TXN_8892083,CUST_11,Food,Item_11_FOOD,20.0,8.0,160.0,Cash,In-store,2023-02-03,False
TXN_5898104,CUST_06,Beverages,Item_7_BEV,14.0,9.0,126.0,Cash,Online,2024-03-29,
TXN_4237576,CUST_10,Milk Products,Item_6_MILK,12.5,8.0,100.0,Credit Card,In-store,2024-09-13,
TXN_2111400,CUST_15,Beverages,Item_4_BEV,9.5,10.0,95.0,Digital Wallet,In-store,2024-01-12,True
TXN_7165462,CUST_08,Food,Item_13_FOOD,23.0,7.0,161.0,Credit Card,Online,2024-09-01,
TXN_1828172,CUST_06,Computers and electric accessories,Item_24_CEA,39.5,6.0,237.0,Credit Card,In-store,2024-11-14,True
TXN_5431616,CUST_17,Furniture,,,1.0,15.5,Cash,In-store,2024-11-26,False
TXN_7032586,CUST_23,Patisserie,Item_20_PAT,33.5,10.0,335.0,Cash,In-store,2022-06-03,
TXN_8377623,CUST_15,Beverages,Item_25_BEV,41.0,2.0,82.0,Credit Card,In-store,2024-07-17,False
TXN_5374169,CUST_24,Milk Products,Item_4_MILK,9.5,5.0,47.5,Credit Card,Online,2022-02-24,False
TXN_6471352,CUST_17,Beverages,,,4.0,80.0,Cash,Online,2025-01-05,False
TXN_4610549,CUST_24,Beverages,Item_12_BEV,21.5,3.0,64.5,Credit Card,In-store,2022-08-26,False
TXN_8962804,CUST_04,Electric household essentials,Item_7_EHE,14.0,5.0,70.0,Credit Card,Online,2022-03-13,
TXN_9057009,CUST_24,Furniture,Item_25_FUR,41.0,9.0,369.0,Credit Card,In-store,2022-03-28,
TXN_4697638,CUST_15,Furniture,Item_21_FUR,35.0,1.0,35.0,Cash,Online,2023-02-18,
TXN_3301574,CUST_11,Beverages,Item_13_BEV,23.0,4.0,92.0,Digital Wallet,Online,2022-07-25,True
TXN_4255098,CUST_05,Beverages,Item_2_BEV,6.5,1.0,6.5,Credit Card,In-store,2023-08-08,
TXN_3391475,CUST_10,Beverages,Item_14_BEV,24.5,1.0,24.5,Digital Wallet,In-store,2024-05-01,
TXN_2126674,CUST_16,Milk Products,,39.5,,,Digital Wallet,In-store,2024-10-29,False
TXN_3259197,CUST_06,Computers and electric accessories,Item_18_CEA,30.5,8.0,244.0,Digital Wallet,Online,2022-01-09,
TXN_3372645,CUST_02,Beverages,Item_12_BEV,21.5,10.0,215.0,Cash,In-store,2022-05-01,True
TXN_5259345,CUST_02,Electric household essentials,Item_15_EHE,26.0,10.0,260.0,Credit Card,In-store,2024-05-15,False
TXN_6308565,CUST_19,Computers and electric accessories,,,4.0,44.0,Credit Card,Online,2024-02-10,False
TXN_9181921,CUST_16,Furniture,Item_23_FUR,38.0,2.0,76.0,Cash,In-store,2023-06-22,True
TXN_8954821,CUST_14,Milk Products,,,9.0,45.0,Digital Wallet,In-store,2024-06-12,
TXN_2157777,CUST_05,Beverages,Item_14_BEV,24.5,7.0,171.5,Cash,Online,2024-01-07,True
TXN_7243028,CUST_15,Food,Item_25_FOOD,41.0,1.0,41.0,Credit Card,In-store,2024-03-07,
TXN_3779677,CUST_21,Food,Item_17_FOOD,29.0,6.0,174.0,Digital Wallet,Online,2024-08-13,False
TXN_5838065,CUST_01,Food,Item_1_FOOD,5.0,2.0,10.0,Digital Wallet,Online,2023-05-27,
TXN_7976109,CUST_23,Patisserie,Item_22_PAT,36.5,8.0,292.0,Cash,Online,2023-08-14,False
TXN_3308490,CUST_15,Furniture,Item_23_FUR,38.0,1.0,38.0,Digital Wallet,In-store,2024-12-11,False
TXN_2107995,CUST_19,Butchers,Item_2_BUT,6.5,7.0,45.5,Cash,Online,2023-05-16,False
TXN_4963384,CUST_22,Milk Products,Item_6_MILK,12.5,2.0,25.0,Credit Card,Online,2024-10-07,False
TXN_8308325,CUST_13,Furniture,Item_15_FUR,26.0,10.0,260.0,Digital Wallet,In-store,2023-08-22,
TXN_8025714,CUST_12,Beverages,Item_12_BEV,21.5,7.0,150.5,Cash,Online,2024-06-03,False
TXN_9315060,CUST_07,Furniture,Item_24_FUR,39.5,7.0,276.5,Cash,Online,2024-10-14,False
TXN_6414336,CUST_01,Furniture,Item_5_FUR,11.0,8.0,88.0,Credit Card,In-store,2022-01-13,
TXN_6981363,CUST_14,Food,Item_3_FOOD,8.0,9.0,72.0,Credit Card,Online,2024-04-24,True
TXN_2694632,CUST_15,Butchers,Item_22_BUT,36.5,3.0,109.5,Digital Wallet,In-store,2023-06-15,True
TXN_3056691,CUST_22,Food,Item_2_FOOD,6.5,5.0,32.5,Credit Card,In-store,2022-10-08,True
TXN_9835267,CUST_23,Milk Products,Item_13_MILK,23.0,8.0,184.0,Credit Card,Online,2023-07-15,True
TXN_1634027,CUST_05,Milk Products,Item_13_MILK,23.0,1.0,23.0,Digital Wallet,Online,2023-02-03,True
TXN_6095170,CUST_13,Furniture,Item_23_FUR,38.0,10.0,380.0,Credit Card,Online,2022-11-27,True
TXN_9637464,CUST_18,Furniture,Item_8_FUR,15.5,8.0,124.0,Cash,Online,2022-03-25,
TXN_7551798,CUST_20,Butchers,Item_3_BUT,8.0,4.0,32.0,Digital Wallet,Online,2023-06-15,True
TXN_2558370,CUST_02,Butchers,Item_12_BUT,21.5,9.0,193.5,Credit Card,In-store,2023-04-09,True
TXN_4501715,CUST_17,Computers and electric accessories,Item_13_CEA,23.0,2.0,46.0,Cash,In-store,2022-03-24,
TXN_6431534,CUST_21,Beverages,Item_5_BEV,11.0,5.0,55.0,Credit Card,Online,2023-06-21,False
TXN_6618865,CUST_21,Furniture,Item_24_FUR,39.5,9.0,355.5,Credit Card,In-store,2023-03-02,
TXN_4864960,CUST_11,Butchers,Item_16_BUT,27.5,9.0,247.5,Credit Card,In-store,2023-02-02,
TXN_9471304,CUST_16,Patisserie,Item_3_PAT,8.0,8.0,64.0,Cash,Online,2022-08-13,
TXN_5615246,CUST_21,Computers and electric accessories,Item_20_CEA,33.5,6.0,201.0,Digital Wallet,In-store,2023-02-10,
TXN_6587636,CUST_13,Patisserie,Item_16_PAT,27.5,7.0,192.5,Cash,Online,2022-04-30,True
TXN_3951114,CUST_23,Beverages,Item_14_BEV,24.5,5.0,122.5,Digital Wallet,Online,2022-01-16,True
TXN_5540233,CUST_09,Electric household essentials,Item_4_EHE,9.5,7.0,66.5,Credit Card,Online,2024-11-02,
TXN_2897310,CUST_19,Butchers,,,9.0,261.0,Digital Wallet,In-store,2023-06-25,False
TXN_3832393,CUST_04,Furniture,Item_23_FUR,38.0,7.0,266.0,Cash,In-store,2023-08-11,
TXN_4751128,CUST_18,Electric household essentials,Item_5_EHE,11.0,10.0,110.0,Digital Wallet,Online,2022-04-19,True
TXN_2085114,CUST_15,Beverages,Item_22_BEV,36.5,3.0,109.5,Cash,In-store,2025-01-01,True
TXN_6265170,CUST_14,Computers and electric accessories,Item_11_CEA,20.0,6.0,120.0,Digital Wallet,Online,2023-06-15,True
TXN_1690344,CUST_11,Milk Products,Item_3_MILK,8.0,9.0,72.0,Cash,Online,2025-01-09,False
TXN_6781800,CUST_24,Furniture,Item_19_FUR,32.0,8.0,256.0,Cash,Online,2024-09-26,True
TXN_2949356,CUST_17,Beverages,,,8.0,316.0,Digital Wallet,Online,2022-08-01,False
TXN_2145753,CUST_05,Electric household essentials,Item_23_EHE,38.0,9.0,342.0,Credit Card,In-store,2022-03-18,False
TXN_2867343,CUST_02,Food,Item_3_FOOD,8.0,8.0,64.0,Credit Card,In-store,2023-01-07,
TXN_5660916,CUST_02,Food,Item_25_FOOD,41.0,3.0,123.0,Digital Wallet,In-store,2023-09-19,True
TXN_9418798,CUST_11,Furniture,Item_14_FUR,24.5,1.0,24.5,Credit Card,Online,2022-03-07,False
TXN_1871707,CUST_10,Electric household essentials,,,1.0,33.5,Digital Wallet,In-store,2022-04-01,False
TXN_1414376,CUST_12,Food,Item_4_FOOD,9.5,6.0,57.0,Cash,In-store,2022-12-26,True
TXN_9015176,CUST_01,Furniture,Item_15_FUR,26.0,7.0,182.0,Digital Wallet,In-store,2023-03-01,False
TXN_1512582,CUST_06,Butchers,Item_2_BUT,6.5,9.0,58.5,Credit Card,In-store,2024-12-02,
TXN_6699706,CUST_23,Furniture,Item_7_FUR,14.0,1.0,14.0,Digital Wallet,Online,2023-12-31,False
TXN_5893458,CUST_25,Butchers,Item_13_BUT,23.0,4.0,92.0,Credit Card,In-store,2023-08-13,False
TXN_3564962,CUST_01,Electric household essentials,Item_4_EHE,9.5,10.0,95.0,Digital Wallet,In-store,2022-03-05,True
TXN_9824009,CUST_16,Computers and electric accessories,Item_5_CEA,11.0,6.0,66.0,Digital Wallet,In-store,2025-01-16,False
TXN_2399606,CUST_15,Beverages,Item_4_BEV,9.5,7.0,66.5,Cash,Online,2022-07-23,False
TXN_2294670,CUST_04,Computers and electric accessories,Item_14_CEA,24.5,3.0,73.5,Cash,Online,2023-01-18,
TXN_1695036,CUST_02,Electric household essentials,Item_4_EHE,9.5,1.0,9.5,Digital Wallet,In-store,2024-08-18,False
TXN_7414120,CUST_20,Patisserie,Item_23_PAT,38.0,5.0,190.0,Digital Wallet,Online,2022-01-15,False
TXN_5299299,CUST_18,Butchers,Item_2_BUT,6.5,6.0,39.0,Credit Card,In-store,2023-07-31,
TXN_6489506,CUST_01,Furniture,Item_13_FUR,23.0,5.0,115.0,Digital Wallet,In-store,2023-12-25,
TXN_9229474,CUST_22,Beverages,Item_11_BEV,20.0,4.0,80.0,Digital Wallet,In-store,2023-05-23,False
TXN_6445701,CUST_04,Furniture,Item_7_FUR,14.0,4.0,56.0,Credit Card,Online,2023-01-28,True
TXN_4375152,CUST_17,Butchers,Item_25_BUT,41.0,8.0,328.0,Credit Card,Online,2022-04-14,True
TXN_8936010,CUST_14,Furniture,Item_15_FUR,26.0,3.0,78.0,Credit Card,Online,2024-04-10,False
TXN_4947241,CUST_05,Butchers,Item_12_BUT,21.5,5.0,107.5,Credit Card,Online,2023-01-13,
TXN_5912098,CUST_21,Patisserie,Item_4_PAT,9.5,6.0,57.0,Credit Card,Online,2022-02-17,
TXN_7411959,CUST_22,Milk Products,Item_8_MILK,15.5,10.0,155.0,Credit Card,In-store,2022-07-10,
TXN_7793637,CUST_14,Furniture,Item_6_FUR,12.5,3.0,37.5,Digital Wallet,In-store,2022-03-01,
TXN_5338975,CUST_01,Butchers,Item_13_BUT,23.0,3.0,69.0,Cash,Online,2024-01-25,True
TXN_6039588,CUST_01,Furniture,Item_14_FUR,24.5,7.0,171.5,Credit Card,In-store,2024-03-02,True
TXN_1490410,CUST_20,Patisserie,Item_7_PAT,14.0,6.0,84.0,Digital Wallet,In-store,2022-08-22,False
TXN_3879677,CUST_14,Food,Item_14_FOOD,24.5,6.0,147.0,Digital Wallet,In-store,2022-04-24,
TXN_3053471,CUST_16,Beverages,,29.0,,,Cash,Online,2024-06-09,
TXN_4740089,CUST_05,Furniture,Item_8_FUR,15.5,9.0,139.5,Credit Card,Online,2023-07-27,True
TXN_7268120,CUST_23,Patisserie,Item_22_PAT,36.5,9.0,328.5,Cash,In-store,2023-01-15,False
TXN_5078259,CUST_22,Patisserie,Item_2_PAT,6.5,3.0,19.5,Cash,In-store,2023-01-16,False
TXN_9601122,CUST_24,Beverages,Item_11_BEV,20.0,9.0,180.0,Cash,In-store,2024-01-13,False
TXN_1793827,CUST_01,Electric household essentials,Item_20_EHE,33.5,6.0,201.0,Cash,Online,2022-02-15,True
TXN_4715095,CUST_14,Beverages,Item_14_BEV,24.5,10.0,245.0,Cash,Online,2022-01-31,True
TXN_7094868,CUST_20,Furniture,Item_20_FUR,33.5,1.0,33.5,Digital Wallet,Online,2023-11-07,True
TXN_5937987,CUST_12,Beverages,Item_4_BEV,9.5,7.0,66.5,Digital Wallet,Online,2022-10-24,True
TXN_5012256,CUST_10,Furniture,Item_24_FUR,39.5,4.0,158.0,Digital Wallet,In-store,2022-04-16,False
TXN_5848699,CUST_19,Patisserie,Item_13_PAT,23.0,1.0,23.0,Digital Wallet,Online,2023-10-29,False
TXN_8447557,CUST_15,Milk Products,Item_1_MILK,5.0,1.0,5.0,Cash,Online,2024-08-16,
TXN_5485024,CUST_09,Milk Products,Item_7_MILK,14.0,2.0,28.0,Digital Wallet,In-store,2024-05-12,False
TXN_5703980,CUST_02,Computers and electric accessories,Item_22_CEA,36.5,2.0,73.0,Cash,Online,2023-09-24,False
TXN_5777361,CUST_11,Patisserie,Item_2_PAT,6.5,1.0,6.5,Digital Wallet,Online,2024-03-18,False
TXN_4737365,CUST_05,Furniture,,24.5,,,Digital Wallet,Online,2023-11-02,True
TXN_3736146,CUST_07,Patisserie,Item_23_PAT,38.0,10.0,380.0,Credit Card,In-store,2024-09-25,True
TXN_3259882,CUST_03,Milk Products,Item_17_MILK,29.0,9.0,261.0,Digital Wallet,In-store,2023-01-18,False
TXN_8221101,CUST_18,Patisserie,,,6.0,228.0,Digital Wallet,In-store,2022-02-09,True
TXN_8508332,CUST_13,Milk Products,,,10.0,80.0,Digital Wallet,In-store,2022-06-23,
TXN_9284796,CUST_11,Electric household essentials,Item_15_EHE,26.0,9.0,234.0,Cash,In-store,2024-05-08,False
TXN_6599014,CUST_19,Furniture,Item_5_FUR,11.0,5.0,55.0,Cash,Online,2024-01-02,
TXN_4830417,CUST_18,Food,Item_14_FOOD,24.5,8.0,196.0,Digital Wallet,In-store,2024-09-29,False
TXN_6474038,CUST_05,Butchers,Item_2_BUT,6.5,10.0,65.0,Credit Card,In-store,2023-01-08,
TXN_9090610,CUST_10,Butchers,Item_7_BUT,14.0,10.0,140.0,Digital Wallet,Online,2023-05-16,False
TXN_5649317,CUST_20,Food,Item_4_FOOD,9.5,4.0,38.0,Cash,Online,2022-06-16,
TXN_6485374,CUST_18,Patisserie,Item_18_PAT,30.5,8.0,244.0,Credit Card,In-store,2024-05-20,False
TXN_1395136,CUST_07,Patisserie,Item_12_PAT,21.5,6.0,129.0,Digital Wallet,Online,2022-04-17,False
TXN_5119926,CUST_20,Patisserie,Item_20_PAT,33.5,5.0,167.5,Credit Card,In-store,2024-01-02,True
TXN_1269546,CUST_13,Beverages,Item_11_BEV,20.0,6.0,120.0,Digital Wallet,In-store,2022-10-19,
TXN_7221106,CUST_22,Milk Products,Item_1_MILK,5.0,8.0,40.0,Cash,In-store,2023-03-15,True
TXN_4417465,CUST_15,Computers and electric accessories,Item_11_CEA,20.0,2.0,40.0,Credit Card,In-store,2024-02-13,
TXN_1446103,CUST_20,Butchers,,6.5,,,Cash,In-store,2022-07-29,True
TXN_6063632,CUST_22,Furniture,Item_23_FUR,38.0,2.0,76.0,Digital Wallet,In-store,2022-06-14,
TXN_9362588,CUST_09,Food,Item_22_FOOD,36.5,2.0,73.0,Credit Card,Online,2023-03-03,False
TXN_4903332,CUST_08,Food,Item_21_FOOD,35.0,10.0,350.0,Credit Card,In-store,2023-01-18,True
TXN_6555691,CUST_19,Food,Item_10_FOOD,18.5,8.0,148.0,Cash,In-store,2024-08-24,True
TXN_7410836,CUST_05,Patisserie,Item_20_PAT,33.5,2.0,67.0,Digital Wallet,In-store,2023-01-22,False
TXN_2075749,CUST_04,Milk Products,Item_4_MILK,9.5,5.0,47.5,Cash,Online,2024-11-07,True
TXN_9183760,CUST_12,Electric household essentials,Item_16_EHE,27.5,1.0,27.5,Digital Wallet,In-store,2024-05-04,False
TXN_2139981,CUST_25,Food,Item_14_FOOD,24.5,3.0,73.5,Digital Wallet,Online,2023-02-17,
TXN_6339700,CUST_15,Milk Products,Item_13_MILK,23.0,7.0,161.0,Credit Card,Online,2022-01-27,True
TXN_3784837,CUST_16,Butchers,,,1.0,38.0,Credit Card,Online,2024-06-06,False
TXN_5286530,CUST_01,Computers and electric accessories,Item_6_CEA,12.5,6.0,75.0,Digital Wallet,In-store,2024-02-28,True
TXN_6086093,CUST_19,Beverages,Item_4_BEV,9.5,7.0,66.5,Digital Wallet,Online,2024-03-13,
TXN_5565868,CUST_22,Computers and electric accessories,Item_11_CEA,20.0,9.0,180.0,Cash,In-store,2024-07-30,True
TXN_8615445,CUST_01,Beverages,,21.5,,,Credit Card,In-store,2022-12-22,False
TXN_1921846,CUST_04,Milk Products,Item_3_MILK,8.0,3.0,24.0,Credit Card,In-store,2024-12-12,False
TXN_4662950,CUST_08,Furniture,Item_16_FUR,27.5,2.0,55.0,Credit Card,In-store,2022-10-29,True
TXN_1174715,CUST_17,Patisserie,Item_23_PAT,38.0,1.0,38.0,Digital Wallet,Online,2022-06-09,
TXN_6152928,CUST_24,Patisserie,Item_17_PAT,29.0,7.0,203.0,Credit Card,In-store,2022-03-24,False
TXN_3577635,CUST_23,Butchers,Item_21_BUT,35.0,8.0,280.0,Cash,Online,2024-01-09,
TXN_5053624,CUST_19,Furniture,Item_21_FUR,35.0,10.0,350.0,Cash,In-store,2023-05-22,
TXN_4293234,CUST_23,Furniture,Item_6_FUR,12.5,10.0,125.0,Cash,In-store,2022-05-11,True
TXN_1479772,CUST_13,Electric household essentials,Item_17_EHE,29.0,6.0,174.0,Digital Wallet,In-store,2023-07-22,False
TXN_3024691,CUST_25,Electric household essentials,Item_21_EHE,35.0,4.0,140.0,Digital Wallet,In-store,2024-02-14,True
TXN_7297595,CUST_19,Furniture,,39.5,,,Cash,In-store,2022-01-07,
TXN_1611768,CUST_03,Patisserie,Item_20_PAT,33.5,5.0,167.5,Credit Card,Online,2022-07-26,True
TXN_1992937,CUST_20,Butchers,Item_25_BUT,41.0,6.0,246.0,Digital Wallet,Online,2025-01-08,False
TXN_2734006,CUST_09,Beverages,Item_10_BEV,18.5,9.0,166.5,Credit Card,In-store,2023-06-07,True
TXN_5656754,CUST_11,Beverages,Item_2_BEV,6.5,5.0,32.5,Digital Wallet,Online,2023-10-14,
TXN_6085136,CUST_12,Food,Item_25_FOOD,41.0,7.0,287.0,Credit Card,Online,2023-01-01,True
TXN_8895462,CUST_22,Electric household essentials,Item_15_EHE,26.0,8.0,208.0,Digital Wallet,Online,2023-02-16,
TXN_6208291,CUST_12,Furniture,Item_15_FUR,26.0,9.0,234.0,Credit Card,Online,2023-03-10,False
TXN_9397356,CUST_23,Furniture,Item_11_FUR,20.0,7.0,140.0,Credit Card,In-store,2022-02-09,False
TXN_3228853,CUST_19,Milk Products,Item_23_MILK,38.0,9.0,342.0,Cash,Online,2023-06-02,True
TXN_8470761,CUST_25,Furniture,Item_6_FUR,12.5,5.0,62.5,Cash,In-store,2022-04-22,
TXN_9904612,CUST_16,Patisserie,Item_7_PAT,14.0,4.0,56.0,Digital Wallet,Online,2024-01-03,False
TXN_8552732,CUST_02,Furniture,Item_25_FUR,41.0,8.0,328.0,Cash,In-store,2024-03-28,True
TXN_7202102,CUST_06,Patisserie,Item_16_PAT,27.5,2.0,55.0,Digital Wallet,Online,2022-03-09,True
TXN_3692324,CUST_25,Patisserie,Item_23_PAT,38.0,6.0,228.0,Cash,Online,2024-01-24,True
TXN_8170651,CUST_18,Furniture,Item_15_FUR,26.0,2.0,52.0,Digital Wallet,In-store,2024-08-14,True
TXN_2155063,CUST_15,Electric household essentials,Item_22_EHE,36.5,9.0,328.5,Digital Wallet,In-store,2024-09-18,False
TXN_6159552,CUST_03,Butchers,Item_2_BUT,6.5,3.0,19.5,Cash,In-store,2023-01-04,
TXN_4498044,CUST_17,Furniture,Item_2_FUR,6.5,4.0,26.0,Cash,Online,2023-06-22,True
TXN_9297266,CUST_16,Patisserie,Item_7_PAT,14.0,1.0,14.0,Digital Wallet,Online,2024-07-17,False
TXN_6749563,CUST_15,Milk Products,Item_3_MILK,8.0,2.0,16.0,Cash,Online,2023-10-31,True
TXN_5426061,CUST_12,Patisserie,Item_13_PAT,23.0,9.0,207.0,Cash,Online,2024-06-23,False
TXN_4742105,CUST_23,Milk Products,Item_3_MILK,8.0,7.0,56.0,Credit Card,In-store,2023-12-09,False
TXN_9188702,CUST_25,Milk Products,Item_6_MILK,12.5,2.0,25.0,Cash,Online,2024-07-20,False
TXN_2996741,CUST_16,Beverages,Item_2_BEV,6.5,3.0,19.5,Credit Card,In-store,2022-08-08,False
TXN_6195176,CUST_08,Beverages,Item_2_BEV,6.5,3.0,19.5,Cash,In-store,2023-06-10,False
TXN_4813752,CUST_23,Electric household essentials,Item_6_EHE,12.5,2.0,25.0,Digital Wallet,In-store,2022-10-19,
TXN_3032775,CUST_07,Computers and electric accessories,Item_3_CEA,8.0,4.0,32.0,Cash,Online,2022-05-14,True
TXN_6281747,CUST_11,Beverages,Item_20_BEV,33.5,7.0,234.5,Cash,In-store,2023-11-05,
TXN_7819515,CUST_13,Butchers,,12.5,,,Cash,Online,2022-02-15,False
TXN_3624582,CUST_15,Milk Products,Item_16_MILK,27.5,9.0,247.5,Credit Card,In-store,2022-02-04,False
TXN_8534609,CUST_14,Food,Item_17_FOOD,29.0,5.0,145.0,Cash,In-store,2023-03-08,True
TXN_7393477,CUST_02,Food,Item_25_FOOD,41.0,8.0,328.0,Credit Card,In-store,2022-05-27,True
TXN_5507888,CUST_23,Butchers,Item_6_BUT,12.5,6.0,75.0,Credit Card,In-store,2024-01-03,True
TXN_6497599,CUST_21,Electric household essentials,Item_18_EHE,30.5,10.0,305.0,Cash,In-store,2023-01-23,True
TXN_7120961,CUST_17,Milk Products,Item_17_MILK,29.0,3.0,87.0,Digital Wallet,In-store,2024-06-13,
TXN_5733731,CUST_15,Computers and electric accessories,Item_6_CEA,12.5,4.0,50.0,Credit Card,Online,2022-12-24,False
TXN_1374421,CUST_22,Beverages,Item_21_BEV,35.0,5.0,175.0,Cash,Online,2023-05-19,False
TXN_8958850,CUST_03,Food,Item_10_FOOD,18.5,8.0,148.0,Credit Card,Online,2022-04-14,
TXN_9179801,CUST_23,Patisserie,Item_22_PAT,36.5,3.0,109.5,Digital Wallet,Online,2023-12-05,True
TXN_7133375,CUST_22,Milk Products,Item_1_MILK,5.0,10.0,50.0,Digital Wallet,Online,2023-09-18,False
TXN_9534913,CUST_24,Electric household essentials,Item_8_EHE,15.5,9.0,139.5,Cash,Online,2022-02-27,False
TXN_1792761,CUST_11,Food,,,7.0,77.0,Digital Wallet,Online,2022-01-26,
TXN_4782357,CUST_13,Patisserie,Item_13_PAT,23.0,5.0,115.0,Digital Wallet,In-store,2023-12-04,False
TXN_6103372,CUST_23,Food,,,3.0,69.0,Credit Card,Online,2024-10-08,True
TXN_3867637,CUST_10,Furniture,Item_11_FUR,20.0,5.0,100.0,Cash,Online,2022-11-27,
TXN_4417302,CUST_11,Butchers,,,9.0,234.0,Credit Card,Online,2024-09-05,False
TXN_5504057,CUST_03,Patisserie,Item_17_PAT,29.0,4.0,116.0,Cash,In-store,2023-05-04,True
TXN_5286184,CUST_22,Computers and electric accessories,Item_12_CEA,21.5,1.0,21.5,Cash,Online,2022-06-28,
TXN_3394201,CUST_17,Computers and electric accessories,,,8.0,256.0,Cash,Online,2024-11-04,
TXN_3821059,CUST_25,Butchers,Item_18_BUT,30.5,3.0,91.5,Credit Card,Online,2023-09-21,
TXN_8655955,CUST_09,Beverages,Item_24_BEV,39.5,6.0,237.0,Credit Card,Online,2023-04-29,False
TXN_6136490,CUST_03,Food,Item_24_FOOD,39.5,10.0,395.0,Cash,Online,2024-06-14,
TXN_2592687,CUST_24,Butchers,Item_20_BUT,33.5,5.0,167.5,Digital Wallet,In-store,2024-07-26,True
TXN_7729747,CUST_13,Food,Item_20_FOOD,33.5,5.0,167.5,Credit Card,In-store,2023-06-29,False
TXN_6562987,CUST_20,Computers and electric accessories,Item_12_CEA,21.5,4.0,86.0,Cash,In-store,2024-06-19,True
TXN_2283214,CUST_02,Butchers,Item_7_BUT,14.0,10.0,140.0,Digital Wallet,Online,2023-12-02,True
TXN_9262032,CUST_20,Food,Item_18_FOOD,30.5,4.0,122.0,Credit Card,Online,2023-05-16,
TXN_2227872,CUST_03,Furniture,,,7.0,276.5,Digital Wallet,In-store,2024-05-27,True
TXN_2396304,CUST_09,Food,Item_4_FOOD,9.5,5.0,47.5,Credit Card,In-store,2023-05-14,
TXN_7728635,CUST_08,Food,Item_10_FOOD,18.5,3.0,55.5,Digital Wallet,In-store,2022-02-08,False
TXN_7239144,CUST_21,Food,Item_5_FOOD,11.0,7.0,77.0,Cash,Online,2023-10-15,True
TXN_6191176,CUST_16,Computers and electric accessories,Item_15_CEA,26.0,1.0,26.0,Digital Wallet,Online,2024-10-11,False
TXN_9454592,CUST_07,Milk Products,Item_6_MILK,12.5,10.0,125.0,Cash,In-store,2023-12-13,
TXN_5268893,CUST_13,Food,Item_5_FOOD,11.0,3.0,33.0,Cash,Online,2024-01-20,False
TXN_1966346,CUST_23,Patisserie,Item_11_PAT,20.0,10.0,200.0,Cash,In-store,2022-11-29,
TXN_9147712,CUST_01,Milk Products,Item_6_MILK,12.5,2.0,25.0,Cash,Online,2023-08-07,True
TXN_5014165,CUST_05,Food,Item_25_FOOD,41.0,9.0,369.0,Cash,In-store,2023-03-04,False
TXN_9285106,CUST_23,Computers and electric accessories,,,10.0,335.0,Credit Card,In-store,2024-06-18,True
TXN_2010518,CUST_22,Electric household essentials,Item_25_EHE,41.0,2.0,82.0,Digital Wallet,In-store,2023-04-21,
TXN_9435490,CUST_10,Butchers,Item_14_BUT,24.5,10.0,245.0,Digital Wallet,In-store,2022-11-04,False
TXN_1467177,CUST_10,Computers and electric accessories,Item_10_CEA,18.5,3.0,55.5,Credit Card,In-store,2022-10-13,True
TXN_9718881,CUST_11,Furniture,Item_14_FUR,24.5,3.0,73.5,Credit Card,In-store,2022-09-23,
TXN_1498944,CUST_24,Electric household essentials,Item_10_EHE,18.5,8.0,148.0,Credit Card,Online,2023-04-01,True
TXN_4323023,CUST_20,Milk Products,Item_4_MILK,9.5,7.0,66.5,Cash,Online,2023-04-25,True
TXN_4620886,CUST_19,Computers and electric accessories,Item_16_CEA,27.5,7.0,192.5,Cash,Online,2023-07-03,False
TXN_5119763,CUST_22,Electric household essentials,Item_15_EHE,26.0,8.0,208.0,Digital Wallet,Online,2022-03-28,False
TXN_5624506,CUST_18,Food,Item_13_FOOD,23.0,8.0,184.0,Digital Wallet,In-store,2024-10-12,False
TXN_1007406,CUST_13,Beverages,Item_12_BEV,21.5,6.0,129.0,Credit Card,Online,2022-05-08,True
TXN_6881262,CUST_03,Milk Products,Item_2_MILK,6.5,8.0,52.0,Cash,In-store,2022-12-12,True
TXN_1521020,CUST_03,Computers and electric accessories,Item_15_CEA,26.0,6.0,156.0,Digital Wallet,Online,2022-01-30,True
TXN_9078821,CUST_18,Milk Products,Item_6_MILK,12.5,9.0,112.5,Cash,Online,2023-02-02,
TXN_4219882,CUST_04,Computers and electric accessories,Item_18_CEA,30.5,7.0,213.5,Digital Wallet,Online,2023-07-10,True
TXN_6249236,CUST_02,Beverages,Item_12_BEV,21.5,10.0,215.0,Digital Wallet,In-store,2023-07-04,
TXN_5847493,CUST_17,Beverages,Item_7_BEV,14.0,2.0,28.0,Digital Wallet,Online,2024-01-30,True
TXN_9185169,CUST_14,Computers and electric accessories,Item_2_CEA,6.5,2.0,13.0,Credit Card,In-store,2023-05-12,False
TXN_2984585,CUST_03,Milk Products,Item_17_MILK,29.0,8.0,232.0,Credit Card,In-store,2023-09-20,True
TXN_9999124,CUST_02,Butchers,,36.5,,,Digital Wallet,In-store,2024-02-21,False
TXN_3218155,CUST_19,Electric household essentials,Item_1_EHE,5.0,6.0,30.0,Credit Card,In-store,2024-07-17,True
TXN_7855916,CUST_14,Patisserie,Item_15_PAT,26.0,4.0,104.0,Cash,Online,2022-08-11,True
TXN_6593940,CUST_04,Milk Products,Item_23_MILK,38.0,3.0,114.0,Digital Wallet,In-store,2024-07-26,True
TXN_7086158,CUST_24,Patisserie,Item_17_PAT,29.0,9.0,261.0,Digital Wallet,In-store,2023-02-10,
TXN_5543359,CUST_09,Beverages,Item_13_BEV,23.0,2.0,46.0,Credit Card,In-store,2022-12-04,
TXN_2883529,CUST_08,Furniture,Item_15_FUR,26.0,9.0,234.0,Credit Card,Online,2022-11-05,False
TXN_1320747,CUST_11,Milk Products,Item_13_MILK,23.0,8.0,184.0,Digital Wallet,In-store,2023-03-10,False
TXN_1543544,CUST_23,Butchers,Item_17_BUT,29.0,2.0,58.0,Credit Card,In-store,2023-01-05,True
TXN_7075100,CUST_20,Patisserie,,41.0,,,Digital Wallet,Online,2024-02-16,True
TXN_7689814,CUST_19,Furniture,Item_18_FUR,30.5,3.0,91.5,Credit Card,In-store,2022-08-05,
TXN_9759054,CUST_20,Milk Products,Item_2_MILK,6.5,8.0,52.0,Cash,In-store,2022-12-09,
TXN_8245994,CUST_17,Food,Item_10_FOOD,18.5,7.0,129.5,Credit Card,In-store,2022-01-13,False
TXN_2720890,CUST_03,Patisserie,Item_23_PAT,38.0,7.0,266.0,Cash,In-store,2023-11-17,
TXN_7683878,CUST_21,Patisserie,Item_25_PAT,41.0,2.0,82.0,Credit Card,In-store,2024-11-05,True
TXN_7989495,CUST_15,Computers and electric accessories,Item_12_CEA,21.5,9.0,193.5,Credit Card,Online,2023-01-12,False
TXN_1930560,CUST_15,Furniture,Item_15_FUR,26.0,2.0,52.0,Digital Wallet,Online,2022-09-09,
TXN_2521668,CUST_06,Furniture,Item_24_FUR,39.5,5.0,197.5,Cash,In-store,2024-08-31,True
TXN_1276885,CUST_23,Patisserie,,5.0,,,Cash,In-store,2024-12-30,
TXN_5859843,CUST_13,Furniture,Item_8_FUR,15.5,10.0,155.0,Credit Card,Online,2025-01-09,False
TXN_4298643,CUST_07,Furniture,Item_16_FUR,27.5,2.0,55.0,Digital Wallet,Online,2024-02-14,False
TXN_7729357,CUST_08,Milk Products,,14.0,,,Credit Card,Online,2024-06-19,
TXN_7926454,CUST_12,Electric household essentials,Item_25_EHE,41.0,5.0,205.0,Cash,In-store,2023-01-12,
TXN_1624367,CUST_01,Furniture,Item_15_FUR,26.0,3.0,78.0,Digital Wallet,In-store,2023-09-07,
TXN_2262639,CUST_23,Furniture,Item_25_FUR,41.0,7.0,287.0,Cash,In-store,2023-12-13,True
TXN_5034932,CUST_23,Computers and electric accessories,Item_10_CEA,18.5,10.0,185.0,Digital Wallet,Online,2023-09-28,True
TXN_4825647,CUST_07,Butchers,Item_1_BUT,5.0,5.0,25.0,Credit Card,Online,2024-04-24,
TXN_5399331,CUST_22,Furniture,Item_7_FUR,14.0,10.0,140.0,Credit Card,Online,2024-08-08,False
TXN_5473549,CUST_10,Computers and electric accessories,Item_21_CEA,35.0,4.0,140.0,Credit Card,Online,2024-03-28,True
TXN_2687302,CUST_11,Milk Products,Item_1_MILK,5.0,7.0,35.0,Cash,In-store,2022-09-09,
TXN_1124993,CUST_03,Patisserie,Item_17_PAT,29.0,10.0,290.0,Credit Card,In-store,2023-06-09,
TXN_8022355,CUST_06,Computers and electric accessories,Item_8_CEA,15.5,7.0,108.5,Credit Card,Online,2023-09-25,True
TXN_9773979,CUST_05,Computers and electric accessories,,8.0,,,Digital Wallet,Online,2024-11-04,False
TXN_8898496,CUST_08,Food,Item_4_FOOD,9.5,2.0,19.0,Credit Card,Online,2023-12-13,True
TXN_3019913,CUST_18,Milk Products,,,10.0,125.0,Cash,Online,2024-02-16,True
TXN_2374475,CUST_01,Furniture,Item_16_FUR,27.5,4.0,110.0,Credit Card,In-store,2024-10-28,False
TXN_5136594,CUST_14,Patisserie,,,7.0,213.5,Credit Card,In-store,2022-03-23,False
TXN_5877044,CUST_03,Electric household essentials,Item_13_EHE,23.0,5.0,115.0,Digital Wallet,In-store,2023-04-13,False
TXN_4799944,CUST_06,Furniture,Item_15_FUR,26.0,6.0,156.0,Digital Wallet,In-store,2022-01-16,False
TXN_2177659,CUST_14,Electric household essentials,Item_11_EHE,20.0,1.0,20.0,Digital Wallet,Online,2024-07-03,True
TXN_4146011,CUST_17,Electric household essentials,Item_19_EHE,32.0,9.0,288.0,Cash,In-store,2022-03-22,
TXN_1930172,CUST_06,Patisserie,Item_8_PAT,15.5,6.0,93.0,Credit Card,In-store,2022-08-03,False
TXN_4348674,CUST_02,Milk Products,Item_14_MILK,24.5,5.0,122.5,Cash,Online,2022-02-27,False
TXN_8831517,CUST_08,Computers and electric accessories,,,1.0,33.5,Cash,In-store,2022-04-21,True
TXN_7547448,CUST_05,Beverages,Item_10_BEV,18.5,10.0,185.0,Credit Card,In-store,2022-08-07,
TXN_9358684,CUST_17,Beverages,Item_11_BEV,20.0,6.0,120.0,Credit Card,Online,2024-04-24,False
TXN_5315119,CUST_10,Patisserie,,,3.0,28.5,Digital Wallet,Online,2024-09-01,
TXN_2164614,CUST_07,Furniture,,6.5,,,Digital Wallet,Online,2023-05-18,
TXN_7470621,CUST_02,Electric household essentials,,,3.0,100.5,Cash,Online,2024-04-20,True
TXN_6289960,CUST_16,Butchers,Item_21_BUT,35.0,4.0,140.0,Credit Card,In-store,2023-01-03,True
TXN_4376968,CUST_22,Furniture,Item_6_FUR,12.5,2.0,25.0,Digital Wallet,In-store,2024-08-05,False
TXN_2943718,CUST_24,Food,Item_11_FOOD,20.0,1.0,20.0,Digital Wallet,Online,2023-02-24,False
TXN_3651432,CUST_25,Furniture,Item_24_FUR,39.5,1.0,39.5,Digital Wallet,In-store,2024-04-13,True
TXN_1247741,CUST_01,Butchers,Item_4_BUT,9.5,10.0,95.0,Credit Card,In-store,2024-08-18,
TXN_4271465,CUST_17,Milk Products,Item_1_MILK,5.0,2.0,10.0,Credit Card,Online,2022-11-29,False
TXN_2159908,CUST_09,Butchers,Item_20_BUT,33.5,4.0,134.0,Cash,Online,2024-08-15,True
TXN_3985056,CUST_24,Computers and electric accessories,Item_20_CEA,33.5,3.0,100.5,Credit Card,In-store,2023-06-28,True
TXN_2889258,CUST_25,Beverages,Item_18_BEV,30.5,6.0,183.0,Digital Wallet,In-store,2023-08-28,False
TXN_4909298,CUST_13,Milk Products,Item_6_MILK,12.5,7.0,87.5,Credit Card,Online,2022-10-02,True
TXN_4642106,CUST_18,Computers and electric accessories,Item_14_CEA,24.5,7.0,171.5,Cash,In-store,2024-02-19,
TXN_4036118,CUST_06,Furniture,,,6.0,228.0,Cash,In-store,2023-01-28,
TXN_3979567,CUST_15,Computers and electric accessories,Item_10_CEA,18.5,2.0,37.0,Digital Wallet,In-store,2024-11-21,True
TXN_8071580,CUST_20,Milk Products,Item_22_MILK,36.5,1.0,36.5,Digital Wallet,In-store,2022-09-03,False
TXN_1726200,CUST_20,Milk Products,Item_3_MILK,8.0,9.0,72.0,Cash,In-store,2024-08-05,True
TXN_9589484,CUST_11,Furniture,Item_24_FUR,39.5,5.0,197.5,Credit Card,In-store,2023-03-23,
TXN_6462908,CUST_19,Beverages,Item_25_BEV,41.0,8.0,328.0,Cash,Online,2024-09-18,True
TXN_9922695,CUST_21,Butchers,Item_13_BUT,23.0,3.0,69.0,Cash,Online,2023-05-05,False
TXN_3133019,CUST_21,Furniture,,,9.0,139.5,Digital Wallet,Online,2024-01-01,True
TXN_3333623,CUST_15,Furniture,Item_18_FUR,30.5,4.0,122.0,Credit Card,Online,2022-12-27,True
TXN_2242368,CUST_06,Food,Item_24_FOOD,39.5,6.0,237.0,Cash,Online,2024-09-18,True
TXN_5530545,CUST_01,Food,Item_2_FOOD,6.5,10.0,65.0,Digital Wallet,Online,2023-11-26,
TXN_8427033,CUST_19,Food,Item_6_FOOD,12.5,2.0,25.0,Digital Wallet,Online,2024-06-23,
TXN_8962338,CUST_20,Butchers,Item_20_BUT,33.5,10.0,335.0,Credit Card,In-store,2024-07-31,False
TXN_2098200,CUST_18,Computers and electric accessories,Item_7_CEA,14.0,5.0,70.0,Cash,Online,2022-11-13,
TXN_1031335,CUST_21,Electric household essentials,Item_6_EHE,12.5,6.0,75.0,Cash,In-store,2024-11-19,False
TXN_1375951,CUST_14,Patisserie,Item_22_PAT,36.5,2.0,73.0,Credit Card,Online,2023-04-15,False
TXN_5011391,CUST_19,Patisserie,Item_18_PAT,30.5,5.0,152.5,Cash,Online,2022-12-22,
TXN_9229067,CUST_17,Beverages,Item_14_BEV,24.5,5.0,122.5,Credit Card,In-store,2023-07-11,False
TXN_1271965,CUST_12,Patisserie,Item_6_PAT,12.5,10.0,125.0,Digital Wallet,Online,2024-08-10,False
TXN_1575979,CUST_14,Furniture,Item_14_FUR,24.5,5.0,122.5,Digital Wallet,In-store,2024-01-23,True
TXN_8334423,CUST_05,Electric household essentials,Item_15_EHE,26.0,2.0,52.0,Cash,In-store,2023-04-01,
TXN_5219093,CUST_12,Beverages,Item_1_BEV,5.0,3.0,15.0,Cash,In-store,2024-01-31,
TXN_6528218,CUST_17,Beverages,Item_24_BEV,39.5,9.0,355.5,Digital Wallet,Online,2023-12-20,
TXN_6281250,CUST_04,Patisserie,Item_13_PAT,23.0,4.0,92.0,Cash,In-store,2023-09-21,False
TXN_5636940,CUST_02,Electric household essentials,Item_17_EHE,29.0,4.0,116.0,Cash,Online,2022-10-16,False
TXN_2472483,CUST_21,Electric household essentials,Item_19_EHE,32.0,2.0,64.0,Credit Card,Online,2022-09-18,True
TXN_7633588,CUST_04,Beverages,Item_23_BEV,38.0,8.0,304.0,Digital Wallet,In-store,2024-03-20,False
TXN_6687809,CUST_20,Butchers,Item_12_BUT,21.5,10.0,215.0,Credit Card,Online,2023-03-14,
TXN_7686075,CUST_15,Electric household essentials,Item_16_EHE,27.5,2.0,55.0,Credit Card,Online,2023-12-31,True
TXN_6621370,CUST_14,Computers and electric accessories,Item_16_CEA,27.5,2.0,55.0,Digital Wallet,Online,2023-12-24,True
TXN_1135450,CUST_03,Food,Item_20_FOOD,33.5,8.0,268.0,Credit Card,Online,2024-10-03,False
TXN_2916979,CUST_09,Furniture,Item_21_FUR,35.0,10.0,350.0,Credit Card,In-store,2024-04-04,
TXN_2275670,CUST_09,Beverages,Item_7_BEV,14.0,3.0,42.0,Digital Wallet,Online,2023-04-01,False
TXN_7349203,CUST_13,Butchers,,,9.0,112.5,Cash,In-store,2024-03-08,True
TXN_3500430,CUST_04,Furniture,Item_1_FUR,5.0,5.0,25.0,Digital Wallet,Online,2022-02-19,
TXN_7707333,CUST_04,Beverages,Item_21_BEV,35.0,9.0,315.0,Cash,Online,2022-08-31,
TXN_7512121,CUST_08,Furniture,Item_5_FUR,11.0,4.0,44.0,Credit Card,Online,2024-07-14,
TXN_5856842,CUST_03,Furniture,Item_11_FUR,20.0,6.0,120.0,Credit Card,Online,2022-12-04,
TXN_8169977,CUST_09,Food,Item_15_FOOD,26.0,3.0,78.0,Credit Card,Online,2024-10-09,False
TXN_4990516,CUST_23,Milk Products,Item_13_MILK,23.0,2.0,46.0,Digital Wallet,Online,2023-10-19,True
TXN_2269494,CUST_11,Computers and electric accessories,Item_19_CEA,32.0,10.0,320.0,Digital Wallet,Online,2023-11-30,True
TXN_7473324,CUST_16,Milk Products,Item_19_MILK,32.0,2.0,64.0,Cash,Online,2022-02-05,True
TXN_2226741,CUST_11,Electric household essentials,Item_18_EHE,30.5,3.0,91.5,Cash,Online,2024-03-09,
TXN_2911719,CUST_02,Computers and electric accessories,,,4.0,56.0,Cash,Online,2024-06-06,True
TXN_2601626,CUST_18,Electric household essentials,Item_17_EHE,29.0,4.0,116.0,Cash,Online,2022-09-03,True
TXN_7995037,CUST_02,Patisserie,Item_7_PAT,14.0,2.0,28.0,Credit Card,In-store,2022-12-16,False
TXN_4251424,CUST_24,Computers and electric accessories,Item_7_CEA,14.0,5.0,70.0,Digital Wallet,In-store,2024-04-22,False
TXN_2328957,CUST_11,Computers and electric accessories,Item_19_CEA,32.0,2.0,64.0,Digital Wallet,Online,2023-10-02,False
TXN_1938135,CUST_17,Butchers,Item_25_BUT,41.0,10.0,410.0,Digital Wallet,In-store,2023-12-20,True
TXN_8086025,CUST_20,Milk Products,Item_13_MILK,23.0,10.0,230.0,Digital Wallet,In-store,2022-05-10,True
TXN_5983420,CUST_03,Milk Products,Item_16_MILK,27.5,8.0,220.0,Cash,In-store,2024-02-25,
TXN_7196109,CUST_08,Patisserie,Item_16_PAT,27.5,10.0,275.0,Digital Wallet,Online,2024-12-20,False
TXN_8097558,CUST_15,Computers and electric accessories,Item_15_CEA,26.0,9.0,234.0,Credit Card,Online,2022-11-15,
TXN_1173263,CUST_13,Electric household essentials,Item_8_EHE,15.5,7.0,108.5,Digital Wallet,Online,2022-07-31,True
TXN_2424303,CUST_21,Furniture,Item_8_FUR,15.5,8.0,124.0,Cash,Online,2022-12-18,True
TXN_3073415,CUST_24,Beverages,Item_1_BEV,5.0,4.0,20.0,Cash,In-store,2022-07-31,False
TXN_8304885,CUST_20,Furniture,Item_16_FUR,27.5,5.0,137.5,Cash,Online,2023-05-22,True
TXN_2500042,CUST_13,Computers and electric accessories,,35.0,,,Digital Wallet,Online,2023-04-15,True
TXN_2688839,CUST_05,Patisserie,Item_2_PAT,6.5,1.0,6.5,Cash,Online,2022-02-19,True
TXN_3578887,CUST_22,Electric household essentials,Item_23_EHE,38.0,4.0,152.0,Cash,In-store,2024-06-24,
TXN_8033989,CUST_06,Beverages,Item_2_BEV,6.5,5.0,32.5,Cash,In-store,2024-08-29,True
TXN_2629807,CUST_03,Beverages,Item_20_BEV,33.5,6.0,201.0,Credit Card,In-store,2024-05-17,
TXN_4499063,CUST_20,Butchers,Item_13_BUT,23.0,2.0,46.0,Digital Wallet,In-store,2022-10-18,True
TXN_6084238,CUST_11,Milk Products,Item_1_MILK,5.0,2.0,10.0,Credit Card,In-store,2023-10-28,False
TXN_9717005,CUST_01,Computers and electric accessories,Item_12_CEA,21.5,8.0,172.0,Credit Card,Online,2022-02-02,False
TXN_2082664,CUST_06,Beverages,,26.0,,,Digital Wallet,Online,2024-05-30,True
TXN_6325008,CUST_22,Butchers,Item_12_BUT,21.5,10.0,215.0,Credit Card,Online,2022-02-13,
TXN_5140179,CUST_08,Computers and electric accessories,Item_20_CEA,33.5,6.0,201.0,Cash,Online,2022-10-23,
TXN_1086487,CUST_07,Beverages,Item_16_BEV,27.5,1.0,27.5,Credit Card,In-store,2025-01-05,False
TXN_4091555,CUST_21,Butchers,Item_15_BUT,26.0,6.0,156.0,Credit Card,Online,2022-08-01,True
TXN_1618504,CUST_17,Beverages,Item_9_BEV,17.0,1.0,17.0,Credit Card,In-store,2023-12-28,
TXN_5472933,CUST_10,Milk Products,Item_19_MILK,32.0,9.0,288.0,Cash,In-store,2022-05-12,False
TXN_5737875,CUST_01,Electric household essentials,Item_12_EHE,21.5,6.0,129.0,Cash,In-store,2022-08-16,
TXN_8756781,CUST_11,Furniture,Item_8_FUR,15.5,4.0,62.0,Credit Card,Online,2024-01-14,False
TXN_4942365,CUST_13,Furniture,Item_11_FUR,20.0,1.0,20.0,Digital Wallet,Online,2023-12-29,True
TXN_3571860,CUST_20,Furniture,Item_20_FUR,33.5,3.0,100.5,Cash,Online,2024-01-15,True
TXN_1021886,CUST_04,Butchers,Item_8_BUT,15.5,5.0,77.5,Cash,Online,2022-02-26,True
TXN_4349417,CUST_24,Beverages,Item_4_BEV,9.5,7.0,66.5,Digital Wallet,In-store,2024-03-10,False
TXN_2734987,CUST_21,Electric household essentials,Item_15_EHE,26.0,3.0,78.0,Credit Card,In-store,2024-05-31,False
TXN_2992467,CUST_22,Electric household essentials,Item_17_EHE,29.0,7.0,203.0,Credit Card,Online,2024-12-27,False
TXN_4205123,CUST_14,Milk Products,Item_4_MILK,9.5,4.0,38.0,Credit Card,In-store,2023-10-31,
TXN_3988616,CUST_01,Butchers,,38.0,,,Digital Wallet,In-store,2024-09-17,
TXN_7349078,CUST_24,Beverages,Item_24_BEV,39.5,1.0,39.5,Credit Card,Online,2022-01-14,False
TXN_9972948,CUST_02,Milk Products,Item_11_MILK,20.0,4.0,80.0,Credit Card,Online,2024-09-02,False
TXN_7920383,CUST_15,Computers and electric accessories,,,4.0,110.0,Cash,In-store,2023-12-24,True
TXN_8520397,CUST_12,Electric household essentials,Item_25_EHE,41.0,10.0,410.0,Credit Card,Online,2024-03-27,True
TXN_1324362,CUST_19,Butchers,Item_20_BUT,33.5,8.0,268.0,Credit Card,Online,2023-02-15,False
TXN_2025713,CUST_06,Computers and electric accessories,Item_19_CEA,32.0,5.0,160.0,Digital Wallet,In-store,2024-11-21,True
TXN_5040560,CUST_18,Beverages,Item_22_BEV,36.5,8.0,292.0,Digital Wallet,Online,2022-11-20,
TXN_3748778,CUST_10,Patisserie,Item_4_PAT,9.5,8.0,76.0,Cash,Online,2023-01-29,False
TXN_7446233,CUST_09,Food,Item_21_FOOD,35.0,5.0,175.0,Cash,Online,2022-01-03,True
TXN_7288819,CUST_15,Milk Products,Item_11_MILK,20.0,6.0,120.0,Cash,Online,2024-03-28,
TXN_6457805,CUST_12,Electric household essentials,Item_11_EHE,20.0,4.0,80.0,Cash,Online,2024-02-27,False
TXN_4210328,CUST_11,Food,Item_25_FOOD,41.0,5.0,205.0,Cash,In-store,2024-01-27,
TXN_5069186,CUST_17,Electric household essentials,,6.5,,,Credit Card,Online,2023-01-10,
TXN_3219067,CUST_14,Milk Products,Item_19_MILK,32.0,9.0,288.0,Cash,In-store,2022-09-06,False
TXN_4639732,CUST_11,Beverages,Item_19_BEV,32.0,2.0,64.0,Cash,In-store,2023-09-27,False
TXN_9238807,CUST_09,Patisserie,Item_13_PAT,23.0,4.0,92.0,Credit Card,Online,2022-08-24,True
TXN_9305851,CUST_09,Computers and electric accessories,Item_5_CEA,11.0,2.0,22.0,Digital Wallet,Online,2022-05-04,
TXN_2433285,CUST_25,Beverages,Item_20_BEV,33.5,10.0,335.0,Cash,In-store,2022-08-09,
TXN_9995284,CUST_07,Food,Item_17_FOOD,29.0,3.0,87.0,Cash,Online,2024-12-22,True
TXN_6111288,CUST_05,Patisserie,Item_17_PAT,29.0,10.0,290.0,Cash,Online,2023-11-01,False
TXN_6028561,CUST_25,Milk Products,Item_16_MILK,27.5,7.0,192.5,Cash,In-store,2022-05-01,
TXN_8246090,CUST_15,Electric household essentials,Item_6_EHE,12.5,3.0,37.5,Digital Wallet,Online,2024-11-15,True
TXN_7602284,CUST_17,Patisserie,Item_14_PAT,24.5,8.0,196.0,Cash,In-store,2024-03-17,False
TXN_8218353,CUST_18,Furniture,Item_24_FUR,39.5,5.0,197.5,Credit Card,In-store,2024-01-18,True
TXN_5711730,CUST_05,Electric household essentials,Item_11_EHE,20.0,1.0,20.0,Digital Wallet,In-store,2023-09-25,True
TXN_9622632,CUST_02,Furniture,Item_11_FUR,20.0,4.0,80.0,Credit Card,In-store,2024-12-26,True
TXN_9202193,CUST_02,Computers and electric accessories,Item_14_CEA,24.5,2.0,49.0,Cash,Online,2022-05-09,True
TXN_7567638,CUST_17,Computers and electric accessories,Item_6_CEA,12.5,8.0,100.0,Cash,Online,2024-05-08,
TXN_9780001,CUST_20,Patisserie,Item_9_PAT,17.0,6.0,102.0,Credit Card,Online,2024-02-17,
TXN_7466675,CUST_04,Food,Item_12_FOOD,21.5,5.0,107.5,Credit Card,Online,2023-07-24,
TXN_6110225,CUST_10,Computers and electric accessories,Item_10_CEA,18.5,4.0,74.0,Cash,In-store,2023-03-05,
TXN_6188727,CUST_16,Computers and electric accessories,Item_1_CEA,5.0,6.0,30.0,Cash,Online,2025-01-11,False
TXN_4994381,CUST_02,Furniture,Item_5_FUR,11.0,6.0,66.0,Credit Card,In-store,2023-02-20,
TXN_7669237,CUST_22,Food,Item_11_FOOD,20.0,5.0,100.0,Credit Card,Online,2024-03-16,False
TXN_1661404,CUST_09,Computers and electric accessories,Item_2_CEA,6.5,3.0,19.5,Credit Card,Online,2024-08-09,True
TXN_1716471,CUST_04,Milk Products,Item_4_MILK,9.5,3.0,28.5,Digital Wallet,Online,2022-03-02,
TXN_2621567,CUST_05,Beverages,Item_23_BEV,38.0,4.0,152.0,Credit Card,Online,2024-11-01,
TXN_3737148,CUST_23,Butchers,Item_11_BUT,20.0,10.0,200.0,Credit Card,In-store,2024-02-18,
TXN_4802346,CUST_10,Beverages,Item_2_BEV,6.5,10.0,65.0,Cash,In-store,2023-03-14,False
TXN_9385378,CUST_05,Food,Item_10_FOOD,18.5,8.0,148.0,Credit Card,In-store,2024-11-08,True
TXN_3822308,CUST_02,Electric household essentials,Item_4_EHE,9.5,6.0,57.0,Cash,In-store,2024-05-06,False
TXN_4113425,CUST_15,Milk Products,Item_16_MILK,27.5,4.0,110.0,Credit Card,In-store,2022-09-20,False
TXN_5394514,CUST_18,Patisserie,Item_1_PAT,5.0,3.0,15.0,Cash,In-store,2022-04-19,
TXN_9847074,CUST_05,Food,Item_25_FOOD,41.0,6.0,246.0,Digital Wallet,Online,2024-11-14,False
TXN_2554615,CUST_21,Computers and electric accessories,Item_15_CEA,26.0,8.0,208.0,Digital Wallet,Online,2024-11-04,False
TXN_6683839,CUST_18,Computers and electric accessories,Item_22_CEA,36.5,3.0,109.5,Digital Wallet,In-store,2024-05-18,True
TXN_2596812,CUST_25,Patisserie,Item_2_PAT,6.5,8.0,52.0,Cash,Online,2025-01-17,
TXN_7504022,CUST_16,Food,Item_25_FOOD,41.0,5.0,205.0,Cash,In-store,2023-04-07,True
TXN_6632861,CUST_16,Furniture,Item_1_FUR,5.0,8.0,40.0,Digital Wallet,Online,2023-08-22,
TXN_6856774,CUST_05,Patisserie,Item_17_PAT,29.0,3.0,87.0,Credit Card,Online,2023-02-20,
TXN_7584688,CUST_05,Patisserie,Item_24_PAT,39.5,3.0,118.5,Credit Card,In-store,2022-09-27,True
TXN_3357305,CUST_01,Food,Item_1_FOOD,5.0,7.0,35.0,Credit Card,In-store,2024-11-12,False
TXN_6402496,CUST_13,Furniture,Item_4_FUR,9.5,5.0,47.5,Cash,In-store,2022-08-26,True
TXN_1396754,CUST_18,Milk Products,,,4.0,62.0,Digital Wallet,In-store,2022-05-07,True
TXN_9654199,CUST_12,Patisserie,Item_23_PAT,38.0,5.0,190.0,Digital Wallet,In-store,2024-03-04,True
TXN_7978593,CUST_19,Electric household essentials,Item_12_EHE,21.5,4.0,86.0,Credit Card,Online,2024-07-03,True
TXN_9948170,CUST_14,Electric household essentials,Item_25_EHE,41.0,9.0,369.0,Digital Wallet,In-store,2022-04-27,True
TXN_1110932,CUST_24,Butchers,Item_20_BUT,33.5,9.0,301.5,Cash,Online,2024-04-07,
TXN_2804850,CUST_17,Butchers,Item_1_BUT,5.0,3.0,15.0,Credit Card,In-store,2024-02-13,True
TXN_4338722,CUST_13,Furniture,Item_16_FUR,27.5,10.0,275.0,Digital Wallet,In-store,2024-07-25,
TXN_9510703,CUST_11,Food,Item_7_FOOD,14.0,8.0,112.0,Digital Wallet,Online,2022-05-24,True
TXN_2049510,CUST_20,Beverages,,,1.0,20.0,Digital Wallet,In-store,2024-09-04,False
TXN_1375185,CUST_01,Patisserie,Item_6_PAT,12.5,2.0,25.0,Cash,In-store,2022-03-02,
TXN_3559457,CUST_23,Food,Item_6_FOOD,12.5,3.0,37.5,Digital Wallet,Online,2024-01-17,True
TXN_2831531,CUST_10,Patisserie,Item_24_PAT,39.5,6.0,237.0,Cash,Online,2023-06-19,True
TXN_6882208,CUST_10,Beverages,Item_20_BEV,33.5,8.0,268.0,Credit Card,In-store,2025-01-01,False
TXN_8048041,CUST_14,Butchers,Item_25_BUT,41.0,10.0,410.0,Credit Card,In-store,2023-12-25,True
TXN_8588818,CUST_17,Electric household essentials,Item_17_EHE,29.0,3.0,87.0,Credit Card,In-store,2022-12-18,True
TXN_3530165,CUST_23,Computers and electric accessories,Item_16_CEA,27.5,9.0,247.5,Cash,In-store,2024-01-01,False
TXN_1781066,CUST_15,Computers and electric accessories,Item_11_CEA,20.0,10.0,200.0,Digital Wallet,In-store,2023-04-17,True
TXN_8152154,CUST_24,Beverages,Item_14_BEV,24.5,2.0,49.0,Cash,Online,2024-12-02,
TXN_4206956,CUST_20,Furniture,Item_11_FUR,20.0,8.0,160.0,Digital Wallet,In-store,2023-02-27,True
TXN_1179280,CUST_01,Food,Item_3_FOOD,8.0,9.0,72.0,Credit Card,In-store,2023-10-02,False
TXN_1886375,CUST_12,Furniture,Item_4_FUR,9.5,5.0,47.5,Cash,In-store,2023-01-01,True
TXN_9371539,CUST_20,Food,Item_17_FOOD,29.0,4.0,116.0,Cash,In-store,2024-12-26,
TXN_6012730,CUST_21,Electric household essentials,Item_11_EHE,20.0,5.0,100.0,Digital Wallet,In-store,2022-05-14,False
TXN_2279824,CUST_10,Beverages,Item_18_BEV,30.5,2.0,61.0,Cash,Online,2023-10-08,
TXN_7324451,CUST_02,Beverages,Item_2_BEV,6.5,5.0,32.5,Credit Card,In-store,2024-08-03,True
TXN_1624195,CUST_13,Furniture,Item_12_FUR,21.5,4.0,86.0,Credit Card,Online,2024-12-31,
TXN_4665128,CUST_05,Beverages,Item_9_BEV,17.0,9.0,153.0,Digital Wallet,Online,2024-10-11,
TXN_3841708,CUST_23,Beverages,Item_22_BEV,36.5,8.0,292.0,Digital Wallet,Online,2023-03-23,False
TXN_8183110,CUST_24,Patisserie,Item_12_PAT,21.5,6.0,129.0,Digital Wallet,In-store,2024-12-06,
TXN_2733243,CUST_01,Computers and electric accessories,Item_11_CEA,20.0,1.0,20.0,Cash,Online,2022-05-14,False
TXN_1441889,CUST_16,Electric household essentials,Item_22_EHE,36.5,3.0,109.5,Cash,In-store,2024-06-29,
TXN_4850024,CUST_01,Milk Products,,,1.0,15.5,Cash,Online,2022-09-30,True
TXN_4005322,CUST_03,Butchers,Item_25_BUT,41.0,2.0,82.0,Cash,Online,2022-05-15,True
TXN_2206834,CUST_25,Milk Products,Item_3_MILK,8.0,1.0,8.0,Credit Card,In-store,2022-01-07,True
TXN_2839564,CUST_11,Patisserie,Item_18_PAT,30.5,8.0,244.0,Cash,Online,2024-10-27,True
TXN_8642140,CUST_01,Beverages,Item_17_BEV,29.0,1.0,29.0,Credit Card,Online,2022-07-02,
TXN_6991509,CUST_25,Furniture,Item_5_FUR,11.0,2.0,22.0,Credit Card,Online,2024-03-30,False
TXN_9837356,CUST_13,Food,Item_12_FOOD,21.5,10.0,215.0,Cash,In-store,2023-07-18,
TXN_5178719,CUST_14,Electric household essentials,Item_1_EHE,5.0,10.0,50.0,Credit Card,Online,2024-12-13,
TXN_5813861,CUST_04,Furniture,Item_8_FUR,15.5,6.0,93.0,Cash,In-store,2022-04-17,False
TXN_1358739,CUST_25,Computers and electric accessories,Item_1_CEA,5.0,4.0,20.0,Digital Wallet,In-store,2023-01-03,True
TXN_8522671,CUST_03,Electric household essentials,Item_25_EHE,41.0,6.0,246.0,Credit Card,In-store,2022-12-01,True
TXN_3101287,CUST_10,Milk Products,Item_11_MILK,20.0,3.0,60.0,Cash,In-store,2022-10-01,
TXN_9495725,CUST_07,Milk Products,Item_13_MILK,23.0,1.0,23.0,Credit Card,Online,2023-08-13,True
TXN_4822783,CUST_12,Furniture,Item_15_FUR,26.0,1.0,26.0,Digital Wallet,Online,2024-03-02,True
TXN_1054983,CUST_15,Milk Products,Item_8_MILK,15.5,7.0,108.5,Credit Card,In-store,2024-10-09,True
TXN_9145017,CUST_15,Furniture,Item_24_FUR,39.5,2.0,79.0,Credit Card,In-store,2022-09-30,True
TXN_1632041,CUST_02,Furniture,Item_23_FUR,38.0,1.0,38.0,Digital Wallet,In-store,2022-05-10,True
TXN_8190786,CUST_03,Computers and electric accessories,Item_20_CEA,33.5,4.0,134.0,Cash,Online,2022-02-11,
TXN_6234785,CUST_10,Milk Products,Item_3_MILK,8.0,6.0,48.0,Cash,Online,2024-10-27,False
TXN_1598304,CUST_22,Electric household essentials,Item_19_EHE,32.0,9.0,288.0,Cash,In-store,2023-04-22,
TXN_7203061,CUST_01,Furniture,Item_24_FUR,39.5,9.0,355.5,Credit Card,Online,2024-05-10,False
TXN_3687330,CUST_10,Computers and electric accessories,Item_5_CEA,11.0,4.0,44.0,Credit Card,Online,2023-09-01,
TXN_4799937,CUST_01,Milk Products,Item_11_MILK,20.0,2.0,40.0,Cash,In-store,2024-12-10,False
TXN_9419671,CUST_07,Butchers,Item_20_BUT,33.5,10.0,335.0,Credit Card,In-store,2022-01-05,
TXN_8389178,CUST_05,Beverages,Item_24_BEV,39.5,1.0,39.5,Credit Card,Online,2022-11-13,False
TXN_3626927,CUST_09,Milk Products,Item_13_MILK,23.0,2.0,46.0,Digital Wallet,Online,2022-06-24,
TXN_7978551,CUST_20,Beverages,,,9.0,315.0,Digital Wallet,Online,2023-02-12,True
TXN_7610031,CUST_03,Electric household essentials,Item_22_EHE,36.5,2.0,73.0,Digital Wallet,In-store,2023-07-27,
TXN_6126106,CUST_10,Milk Products,,30.5,,,Digital Wallet,Online,2022-08-31,
TXN_9316310,CUST_15,Computers and electric accessories,Item_12_CEA,21.5,4.0,86.0,Digital Wallet,In-store,2024-12-10,
TXN_8736526,CUST_21,Electric household essentials,Item_22_EHE,36.5,6.0,219.0,Digital Wallet,In-store,2023-04-09,
TXN_4118770,CUST_20,Furniture,Item_5_FUR,11.0,1.0,11.0,Cash,In-store,2023-04-05,False
TXN_8048422,CUST_17,Computers and electric accessories,Item_20_CEA,33.5,7.0,234.5,Digital Wallet,Online,2023-05-13,False
TXN_5386745,CUST_01,Patisserie,,,8.0,124.0,Credit Card,In-store,2024-01-21,True
TXN_7670389,CUST_21,Milk Products,Item_7_MILK,14.0,8.0,112.0,Credit Card,In-store,2023-12-17,True
TXN_7512354,CUST_13,Milk Products,Item_3_MILK,8.0,3.0,24.0,Credit Card,Online,2022-09-13,False
TXN_8961010,CUST_07,Computers and electric accessories,Item_13_CEA,23.0,7.0,161.0,Credit Card,In-store,2024-09-03,False
TXN_7419638,CUST_10,Electric household essentials,Item_17_EHE,29.0,7.0,203.0,Cash,Online,2022-09-12,
TXN_5914951,CUST_01,Food,Item_5_FOOD,11.0,2.0,22.0,Digital Wallet,Online,2023-08-29,
TXN_3650970,CUST_14,Food,Item_17_FOOD,29.0,10.0,290.0,Credit Card,Online,2025-01-06,
TXN_7908251,CUST_03,Food,Item_4_FOOD,9.5,3.0,28.5,Digital Wallet,Online,2023-04-22,
TXN_6662670,CUST_10,Furniture,Item_23_FUR,38.0,7.0,266.0,Cash,Online,2024-10-11,
TXN_4298899,CUST_11,Food,Item_14_FOOD,24.5,6.0,147.0,Digital Wallet,Online,2024-04-27,False
TXN_4956684,CUST_23,Furniture,Item_8_FUR,15.5,2.0,31.0,Cash,Online,2022-04-18,True
TXN_4880929,CUST_20,Butchers,,8.0,,,Digital Wallet,In-store,2023-11-03,True
TXN_5974928,CUST_01,Patisserie,Item_3_PAT,8.0,7.0,56.0,Digital Wallet,In-store,2024-09-01,True
TXN_5978654,CUST_17,Beverages,Item_3_BEV,8.0,5.0,40.0,Credit Card,Online,2022-08-12,False
TXN_7691551,CUST_22,Butchers,Item_23_BUT,38.0,6.0,228.0,Cash,Online,2023-11-25,True
TXN_2472234,CUST_08,Butchers,Item_15_BUT,26.0,8.0,208.0,Credit Card,Online,2022-01-23,
TXN_9469569,CUST_08,Food,,12.5,,,Digital Wallet,In-store,2023-10-09,
TXN_1951562,CUST_07,Butchers,Item_25_BUT,41.0,3.0,123.0,Credit Card,Online,2022-02-02,
TXN_6374273,CUST_07,Butchers,Item_20_BUT,33.5,2.0,67.0,Cash,In-store,2022-05-03,True
TXN_4407240,CUST_17,Butchers,Item_20_BUT,33.5,6.0,201.0,Digital Wallet,In-store,2023-12-12,False
TXN_4195517,CUST_19,Food,Item_25_FOOD,41.0,3.0,123.0,Credit Card,In-store,2023-11-17,False
TXN_3592034,CUST_11,Milk Products,Item_22_MILK,36.5,3.0,109.5,Credit Card,Online,2024-05-27,False
TXN_2833523,CUST_24,Computers and electric accessories,Item_11_CEA,20.0,3.0,60.0,Credit Card,In-store,2023-04-30,False
TXN_3745950,CUST_11,Butchers,,,7.0,98.0,Digital Wallet,In-store,2022-08-08,True
TXN_8351890,CUST_15,Computers and electric accessories,Item_11_CEA,20.0,3.0,60.0,Credit Card,In-store,2022-05-09,False
TXN_4485519,CUST_24,Food,Item_12_FOOD,21.5,10.0,215.0,Digital Wallet,In-store,2024-12-02,False
TXN_3904911,CUST_01,Food,Item_18_FOOD,30.5,10.0,305.0,Credit Card,Online,2024-02-14,
TXN_9600643,CUST_19,Patisserie,Item_24_PAT,39.5,5.0,197.5,Digital Wallet,In-store,2022-09-09,True
TXN_3615748,CUST_01,Computers and electric accessories,Item_16_CEA,27.5,7.0,192.5,Credit Card,Online,2024-12-06,False
TXN_4180652,CUST_11,Milk Products,Item_6_MILK,12.5,3.0,37.5,Digital Wallet,In-store,2023-06-15,False
TXN_3314650,CUST_13,Electric household essentials,Item_4_EHE,9.5,5.0,47.5,Digital Wallet,Online,2024-08-06,False
TXN_4276598,CUST_16,Milk Products,Item_1_MILK,5.0,9.0,45.0,Digital Wallet,Online,2023-11-27,False
TXN_4046056,CUST_09,Electric household essentials,,,5.0,182.5,Credit Card,In-store,2024-02-04,
TXN_9049794,CUST_19,Computers and electric accessories,Item_12_CEA,21.5,7.0,150.5,Cash,In-store,2023-06-22,False
TXN_8469057,CUST_06,Food,Item_10_FOOD,18.5,5.0,92.5,Cash,In-store,2024-11-29,False
TXN_1487869,CUST_12,Butchers,Item_19_BUT,32.0,6.0,192.0,Credit Card,Online,2022-01-30,True
TXN_7136040,CUST_23,Butchers,Item_11_BUT,20.0,4.0,80.0,Cash,Online,2023-05-29,
TXN_5479660,CUST_17,Computers and electric accessories,Item_16_CEA,27.5,8.0,220.0,Digital Wallet,Online,2023-02-11,
TXN_9036403,CUST_25,Furniture,Item_15_FUR,26.0,8.0,208.0,Cash,In-store,2024-08-15,True
TXN_9364997,CUST_25,Furniture,Item_2_FUR,6.5,2.0,13.0,Cash,In-store,2022-08-02,True
TXN_2228445,CUST_08,Milk Products,Item_24_MILK,39.5,8.0,316.0,Credit Card,In-store,2023-05-02,False
TXN_5984056,CUST_14,Electric household essentials,Item_8_EHE,15.5,3.0,46.5,Credit Card,Online,2023-04-16,
TXN_4893054,CUST_19,Butchers,Item_24_BUT,39.5,4.0,158.0,Digital Wallet,In-store,2024-07-28,True
TXN_4824314,CUST_04,Beverages,Item_19_BEV,32.0,9.0,288.0,Digital Wallet,Online,2023-11-29,False
TXN_4369363,CUST_25,Beverages,Item_4_BEV,9.5,6.0,57.0,Credit Card,In-store,2024-12-29,
TXN_2823976,CUST_15,Butchers,Item_22_BUT,36.5,9.0,328.5,Cash,Online,2023-11-08,False
TXN_4623433,CUST_05,Food,Item_13_FOOD,23.0,1.0,23.0,Credit Card,Online,2023-01-25,False
TXN_8536076,CUST_07,Furniture,Item_25_FUR,41.0,9.0,369.0,Digital Wallet,In-store,2022-02-12,
TXN_1691436,CUST_21,Electric household essentials,Item_16_EHE,27.5,2.0,55.0,Cash,Online,2024-02-02,
TXN_3201646,CUST_18,Furniture,Item_22_FUR,36.5,3.0,109.5,Credit Card,Online,2023-10-05,False
TXN_6621029,CUST_17,Milk Products,Item_16_MILK,27.5,8.0,220.0,Cash,Online,2023-01-27,True
TXN_9159149,CUST_20,Beverages,Item_19_BEV,32.0,8.0,256.0,Digital Wallet,In-store,2024-05-21,True
TXN_7900945,CUST_15,Beverages,Item_8_BEV,15.5,5.0,77.5,Credit Card,In-store,2022-06-23,
TXN_8957827,CUST_22,Computers and electric accessories,Item_17_CEA,29.0,2.0,58.0,Cash,Online,2023-11-21,True
TXN_5665870,CUST_24,Beverages,Item_2_BEV,6.5,3.0,19.5,Digital Wallet,Online,2024-06-10,True
TXN_4197095,CUST_03,Milk Products,Item_2_MILK,6.5,3.0,19.5,Credit Card,In-store,2024-08-19,
TXN_8713672,CUST_04,Patisserie,Item_15_PAT,26.0,5.0,130.0,Credit Card,In-store,2022-09-17,
TXN_8950168,CUST_08,Computers and electric accessories,Item_5_CEA,11.0,4.0,44.0,Cash,Online,2024-08-17,True
TXN_6217772,CUST_20,Milk Products,Item_5_MILK,11.0,5.0,55.0,Credit Card,Online,2024-03-24,True
TXN_4292272,CUST_14,Beverages,Item_14_BEV,24.5,5.0,122.5,Cash,Online,2022-06-14,False
TXN_3750711,CUST_17,Food,Item_20_FOOD,33.5,9.0,301.5,Cash,In-store,2022-06-30,
TXN_9315594,CUST_25,Butchers,,,2.0,46.0,Credit Card,In-store,2024-07-22,False
TXN_6122892,CUST_12,Patisserie,Item_15_PAT,26.0,9.0,234.0,Credit Card,In-store,2024-01-12,True
TXN_7660150,CUST_06,Food,Item_4_FOOD,9.5,10.0,95.0,Digital Wallet,In-store,2023-08-17,
TXN_8093982,CUST_12,Beverages,,27.5,,,Credit Card,Online,2022-03-11,True
TXN_1633301,CUST_02,Computers and electric accessories,Item_7_CEA,14.0,1.0,14.0,Digital Wallet,Online,2024-11-05,True
TXN_5986903,CUST_05,Butchers,Item_3_BUT,8.0,3.0,24.0,Digital Wallet,Online,2022-07-26,False
TXN_7858668,CUST_24,Patisserie,Item_11_PAT,20.0,10.0,200.0,Cash,Online,2022-09-14,False
TXN_1484633,CUST_20,Butchers,Item_16_BUT,27.5,3.0,82.5,Digital Wallet,Online,2024-03-23,
TXN_7780286,CUST_05,Beverages,Item_24_BEV,39.5,10.0,395.0,Credit Card,Online,2022-09-14,False
TXN_4748839,CUST_06,Furniture,Item_20_FUR,33.5,4.0,134.0,Digital Wallet,In-store,2022-07-22,False
TXN_7864253,CUST_08,Computers and electric accessories,Item_17_CEA,29.0,1.0,29.0,Digital Wallet,In-store,2023-03-11,True
TXN_9864806,CUST_24,Milk Products,Item_16_MILK,27.5,7.0,192.5,Cash,Online,2023-06-04,False
TXN_9014477,CUST_08,Food,Item_21_FOOD,35.0,7.0,245.0,Credit Card,In-store,2022-07-29,True
TXN_6900244,CUST_15,Beverages,Item_24_BEV,39.5,6.0,237.0,Cash,In-store,2022-06-25,
TXN_8557302,CUST_02,Furniture,Item_7_FUR,14.0,6.0,84.0,Digital Wallet,In-store,2024-03-26,
TXN_4070908,CUST_07,Food,Item_14_FOOD,24.5,6.0,147.0,Digital Wallet,In-store,2024-12-24,
TXN_3226549,CUST_15,Computers and electric accessories,Item_12_CEA,21.5,3.0,64.5,Cash,In-store,2022-12-21,
TXN_3954012,CUST_02,Furniture,,12.5,,,Credit Card,In-store,2024-05-29,
TXN_4176280,CUST_16,Food,Item_17_FOOD,29.0,4.0,116.0,Cash,In-store,2024-02-27,
TXN_3604276,CUST_09,Butchers,Item_22_BUT,36.5,3.0,109.5,Cash,In-store,2024-02-09,False
TXN_9231727,CUST_23,Food,Item_1_FOOD,5.0,6.0,30.0,Cash,Online,2023-09-10,
TXN_8324311,CUST_09,Electric household essentials,Item_13_EHE,23.0,6.0,138.0,Credit Card,Online,2022-09-19,True
TXN_3031477,CUST_18,Butchers,Item_19_BUT,32.0,8.0,256.0,Digital Wallet,Online,2025-01-03,False
TXN_9569469,CUST_08,Beverages,,,8.0,328.0,Digital Wallet,Online,2024-02-12,
TXN_2615090,CUST_04,Patisserie,Item_16_PAT,27.5,4.0,110.0,Cash,Online,2022-08-02,True
TXN_7406153,CUST_18,Computers and electric accessories,Item_7_CEA,14.0,5.0,70.0,Digital Wallet,Online,2024-08-10,False
TXN_5710740,CUST_16,Butchers,Item_23_BUT,38.0,10.0,380.0,Digital Wallet,Online,2024-04-25,True
TXN_7013242,CUST_24,Electric household essentials,Item_25_EHE,41.0,8.0,328.0,Digital Wallet,In-store,2022-11-07,False
TXN_5984900,CUST_14,Food,Item_24_FOOD,39.5,6.0,237.0,Cash,Online,2022-08-12,False
TXN_5116993,CUST_04,Furniture,Item_21_FUR,35.0,9.0,315.0,Digital Wallet,Online,2024-05-21,True
TXN_9501320,CUST_24,Beverages,Item_11_BEV,20.0,8.0,160.0,Credit Card,Online,2022-07-14,False
TXN_3701082,CUST_14,Electric household essentials,Item_15_EHE,26.0,10.0,260.0,Digital Wallet,In-store,2024-08-26,False
TXN_8747801,CUST_12,Butchers,Item_6_BUT,12.5,7.0,87.5,Digital Wallet,In-store,2023-06-29,True
TXN_3734067,CUST_21,Beverages,Item_7_BEV,14.0,8.0,112.0,Credit Card,In-store,2023-11-24,True
TXN_4583596,CUST_10,Food,Item_11_FOOD,20.0,6.0,120.0,Digital Wallet,In-store,2022-03-04,True
TXN_4114856,CUST_09,Furniture,Item_6_FUR,12.5,5.0,62.5,Credit Card,In-store,2024-02-06,False
TXN_8181223,CUST_01,Beverages,Item_21_BEV,35.0,9.0,315.0,Cash,In-store,2024-09-23,False
TXN_8493109,CUST_07,Food,Item_20_FOOD,33.5,1.0,33.5,Cash,Online,2022-03-21,True
TXN_8927647,CUST_15,Patisserie,Item_12_PAT,21.5,6.0,129.0,Cash,Online,2023-01-20,
TXN_7049983,CUST_15,Beverages,Item_19_BEV,32.0,6.0,192.0,Digital Wallet,Online,2022-02-07,True
TXN_3632878,CUST_13,Milk Products,Item_13_MILK,23.0,10.0,230.0,Cash,Online,2022-11-20,True
TXN_7515524,CUST_16,Furniture,Item_1_FUR,5.0,3.0,15.0,Digital Wallet,Online,2023-10-16,True
TXN_9090630,CUST_22,Patisserie,Item_12_PAT,21.5,7.0,150.5,Cash,In-store,2022-02-03,
TXN_2486150,CUST_23,Furniture,Item_16_FUR,27.5,9.0,247.5,Cash,In-store,2024-04-30,
TXN_9872413,CUST_21,Food,Item_20_FOOD,33.5,8.0,268.0,Digital Wallet,In-store,2024-06-22,False
TXN_1978695,CUST_22,Patisserie,Item_23_PAT,38.0,9.0,342.0,Cash,Online,2022-09-23,False
TXN_2987168,CUST_17,Computers and electric accessories,Item_7_CEA,14.0,3.0,42.0,Cash,In-store,2023-04-07,
TXN_9845980,CUST_13,Patisserie,Item_4_PAT,9.5,5.0,47.5,Digital Wallet,Online,2024-05-13,True
TXN_6415917,CUST_24,Butchers,Item_12_BUT,21.5,10.0,215.0,Cash,In-store,2023-03-10,True
TXN_3659154,CUST_06,Beverages,Item_23_BEV,38.0,10.0,380.0,Digital Wallet,In-store,2024-09-02,True
TXN_1189082,CUST_23,Beverages,Item_3_BEV,8.0,1.0,8.0,Credit Card,In-store,2022-06-03,
TXN_8023340,CUST_14,Butchers,,,8.0,292.0,Cash,Online,2023-10-04,True
TXN_7809540,CUST_18,Computers and electric accessories,Item_20_CEA,33.5,6.0,201.0,Credit Card,Online,2024-09-25,
TXN_2686535,CUST_24,Computers and electric accessories,Item_20_CEA,33.5,2.0,67.0,Cash,Online,2024-03-16,False
TXN_2494013,CUST_01,Patisserie,Item_25_PAT,41.0,1.0,41.0,Credit Card,Online,2022-10-12,False
TXN_9331528,CUST_23,Electric household essentials,Item_19_EHE,32.0,4.0,128.0,Cash,Online,2023-12-22,False
TXN_1619861,CUST_19,Butchers,Item_7_BUT,14.0,8.0,112.0,Cash,In-store,2023-04-07,
TXN_9261258,CUST_05,Milk Products,Item_7_MILK,14.0,9.0,126.0,Credit Card,Online,2024-03-02,True
TXN_3537865,CUST_21,Milk Products,,32.0,,,Credit Card,Online,2022-11-06,True
TXN_9045446,CUST_15,Butchers,Item_12_BUT,21.5,7.0,150.5,Digital Wallet,Online,2025-01-16,
TXN_7310262,CUST_09,Butchers,Item_20_BUT,33.5,10.0,335.0,Credit Card,Online,2024-04-12,False
TXN_2985156,CUST_15,Furniture,Item_6_FUR,12.5,6.0,75.0,Digital Wallet,Online,2023-01-30,True
TXN_5652811,CUST_21,Milk Products,Item_16_MILK,27.5,2.0,55.0,Cash,Online,2022-07-14,
TXN_9429383,CUST_22,Furniture,Item_20_FUR,33.5,7.0,234.5,Digital Wallet,In-store,2024-06-30,False
TXN_7187427,CUST_25,Electric household essentials,Item_2_EHE,6.5,6.0,39.0,Digital Wallet,Online,2024-05-26,
TXN_5690221,CUST_06,Food,,,1.0,36.5,Digital Wallet,In-store,2022-10-06,True
TXN_5428176,CUST_03,Patisserie,Item_24_PAT,39.5,3.0,118.5,Cash,Online,2022-03-12,False
TXN_7955724,CUST_08,Milk Products,Item_6_MILK,12.5,10.0,125.0,Credit Card,In-store,2023-03-23,
TXN_3119039,CUST_13,Furniture,Item_1_FUR,5.0,5.0,25.0,Digital Wallet,In-store,2024-07-13,False
TXN_9235569,CUST_18,Patisserie,Item_6_PAT,12.5,6.0,75.0,Credit Card,In-store,2023-10-01,
TXN_7030551,CUST_18,Patisserie,Item_13_PAT,23.0,10.0,230.0,Cash,In-store,2022-10-18,False
TXN_9036387,CUST_01,Beverages,Item_2_BEV,6.5,7.0,45.5,Cash,In-store,2022-10-03,
TXN_7366633,CUST_18,Beverages,Item_20_BEV,33.5,8.0,268.0,Digital Wallet,Online,2024-07-23,False
TXN_9324731,CUST_14,Milk Products,Item_8_MILK,15.5,1.0,15.5,Digital Wallet,In-store,2022-08-08,True
TXN_2165107,CUST_17,Electric household essentials,Item_17_EHE,29.0,10.0,290.0,Digital Wallet,Online,2023-11-10,
TXN_4804748,CUST_19,Patisserie,Item_14_PAT,24.5,5.0,122.5,Cash,In-store,2023-06-10,True
TXN_6039236,CUST_13,Food,Item_14_FOOD,24.5,10.0,245.0,Credit Card,In-store,2024-01-31,True
TXN_7755532,CUST_19,Computers and electric accessories,Item_7_CEA,14.0,5.0,70.0,Credit Card,In-store,2022-04-20,False
TXN_4955324,CUST_17,Butchers,Item_25_BUT,41.0,6.0,246.0,Digital Wallet,In-store,2022-01-10,True
TXN_9610207,CUST_04,Furniture,Item_10_FUR,18.5,2.0,37.0,Cash,In-store,2023-04-05,False
TXN_3745490,CUST_01,Computers and electric accessories,,12.5,,,Credit Card,Online,2023-09-04,True
TXN_6216918,CUST_20,Patisserie,Item_22_PAT,36.5,8.0,292.0,Cash,In-store,2022-07-07,True
TXN_7565200,CUST_05,Milk Products,Item_13_MILK,23.0,8.0,184.0,Credit Card,Online,2023-12-09,False
TXN_4497756,CUST_21,Patisserie,Item_18_PAT,30.5,4.0,122.0,Digital Wallet,Online,2023-06-18,False
TXN_9074150,CUST_16,Beverages,Item_22_BEV,36.5,1.0,36.5,Cash,Online,2024-02-05,
TXN_3839456,CUST_20,Furniture,Item_24_FUR,39.5,10.0,395.0,Cash,Online,2025-01-10,True
TXN_3561701,CUST_02,Food,Item_25_FOOD,41.0,7.0,287.0,Credit Card,In-store,2024-01-30,False
TXN_8433240,CUST_01,Milk Products,,27.5,,,Cash,In-store,2024-03-28,True
TXN_3330864,CUST_05,Furniture,Item_6_FUR,12.5,10.0,125.0,Cash,Online,2023-02-03,True
TXN_2698076,CUST_19,Food,Item_3_FOOD,8.0,7.0,56.0,Digital Wallet,Online,2022-11-17,False
TXN_8463034,CUST_02,Electric household essentials,Item_13_EHE,23.0,9.0,207.0,Credit Card,Online,2023-09-30,False
TXN_9292794,CUST_09,Food,Item_12_FOOD,21.5,2.0,43.0,Cash,In-store,2023-10-04,
TXN_7065551,CUST_04,Butchers,Item_8_BUT,15.5,5.0,77.5,Digital Wallet,In-store,2023-02-09,False
TXN_6139701,CUST_18,Food,Item_25_FOOD,41.0,9.0,369.0,Digital Wallet,Online,2022-05-30,False
TXN_7959866,CUST_06,Computers and electric accessories,Item_5_CEA,11.0,8.0,88.0,Cash,In-store,2024-03-29,True
TXN_4299688,CUST_24,Beverages,Item_22_BEV,36.5,9.0,328.5,Credit Card,In-store,2024-11-30,True
TXN_4056456,CUST_08,Electric household essentials,,9.5,,,Digital Wallet,Online,2022-05-23,False
TXN_7904311,CUST_14,Beverages,Item_8_BEV,15.5,10.0,155.0,Credit Card,Online,2023-06-04,True
TXN_2314426,CUST_23,Electric household essentials,Item_1_EHE,5.0,9.0,45.0,Cash,Online,2023-07-21,
TXN_4287690,CUST_11,Beverages,Item_13_BEV,23.0,3.0,69.0,Digital Wallet,In-store,2023-12-08,True
TXN_9952907,CUST_09,Food,Item_22_FOOD,36.5,1.0,36.5,Credit Card,Online,2024-10-18,False
TXN_3135491,CUST_18,Milk Products,Item_23_MILK,38.0,7.0,266.0,Credit Card,Online,2022-03-16,False
TXN_1350756,CUST_24,Beverages,Item_8_BEV,15.5,2.0,31.0,Digital Wallet,In-store,2023-10-07,
TXN_6865143,CUST_09,Butchers,Item_20_BUT,33.5,3.0,100.5,Digital Wallet,Online,2024-07-29,
TXN_7540068,CUST_14,Electric household essentials,Item_8_EHE,15.5,4.0,62.0,Digital Wallet,In-store,2024-06-12,True
TXN_1377584,CUST_19,Food,Item_17_FOOD,29.0,4.0,116.0,Digital Wallet,In-store,2022-09-29,False
TXN_4789450,CUST_21,Computers and electric accessories,Item_7_CEA,14.0,3.0,42.0,Digital Wallet,In-store,2022-11-18,
TXN_9271504,CUST_02,Butchers,Item_23_BUT,38.0,3.0,114.0,Digital Wallet,Online,2023-05-26,True
TXN_3297916,CUST_25,Beverages,Item_20_BEV,33.5,1.0,33.5,Credit Card,In-store,2024-06-15,True
TXN_8624218,CUST_16,Beverages,,,8.0,160.0,Cash,Online,2022-08-03,False
TXN_4055867,CUST_14,Milk Products,Item_6_MILK,12.5,10.0,125.0,Credit Card,Online,2023-11-11,
TXN_4835761,CUST_12,Butchers,Item_15_BUT,26.0,5.0,130.0,Credit Card,In-store,2024-06-19,True
TXN_8229653,CUST_03,Butchers,Item_18_BUT,30.5,7.0,213.5,Digital Wallet,Online,2023-09-16,True
TXN_3792062,CUST_14,Butchers,Item_20_BUT,33.5,10.0,335.0,Cash,Online,2024-06-17,False
TXN_8531399,CUST_18,Patisserie,,20.0,,,Cash,Online,2024-12-05,True
TXN_9113601,CUST_14,Food,Item_14_FOOD,24.5,6.0,147.0,Cash,In-store,2022-04-07,False
TXN_4925908,CUST_02,Electric household essentials,Item_7_EHE,14.0,10.0,140.0,Credit Card,Online,2023-02-04,True
TXN_4245105,CUST_08,Milk Products,,32.0,,,Cash,In-store,2025-01-09,False
TXN_4934703,CUST_12,Computers and electric accessories,Item_19_CEA,32.0,1.0,32.0,Cash,Online,2024-11-25,True
TXN_9256189,CUST_20,Butchers,Item_15_BUT,26.0,2.0,52.0,Cash,Online,2023-09-09,True
TXN_8232819,CUST_05,Butchers,Item_20_BUT,33.5,2.0,67.0,Digital Wallet,Online,2023-08-19,
TXN_2904791,CUST_13,Patisserie,Item_4_PAT,9.5,4.0,38.0,Cash,In-store,2023-06-01,True
TXN_4135051,CUST_01,Patisserie,Item_11_PAT,20.0,3.0,60.0,Credit Card,Online,2024-03-24,
TXN_9643714,CUST_09,Food,Item_25_FOOD,41.0,9.0,369.0,Digital Wallet,Online,2022-03-13,
TXN_7450962,CUST_19,Butchers,Item_12_BUT,21.5,10.0,215.0,Cash,Online,2022-01-30,
TXN_2525392,CUST_04,Computers and electric accessories,Item_15_CEA,26.0,4.0,104.0,Credit Card,Online,2022-11-15,
TXN_1383415,CUST_01,Beverages,Item_1_BEV,5.0,9.0,45.0,Digital Wallet,Online,2022-12-30,True
TXN_3463769,CUST_02,Milk Products,Item_2_MILK,6.5,1.0,6.5,Digital Wallet,Online,2024-11-01,False
TXN_3625111,CUST_02,Patisserie,Item_16_PAT,27.5,6.0,165.0,Digital Wallet,Online,2024-02-04,
TXN_5312362,CUST_09,Furniture,Item_1_FUR,5.0,4.0,20.0,Credit Card,In-store,2024-12-06,
TXN_8282608,CUST_14,Milk Products,Item_20_MILK,33.5,10.0,335.0,Digital Wallet,Online,2022-12-22,
TXN_4864903,CUST_10,Food,Item_12_FOOD,21.5,4.0,86.0,Credit Card,Online,2023-08-19,False
TXN_4495427,CUST_06,Milk Products,Item_15_MILK,26.0,8.0,208.0,Cash,Online,2024-04-04,False
TXN_8384866,CUST_03,Milk Products,Item_2_MILK,6.5,8.0,52.0,Cash,In-store,2022-06-24,False
TXN_8570954,CUST_16,Electric household essentials,Item_19_EHE,32.0,9.0,288.0,Cash,In-store,2024-04-23,True
TXN_2573050,CUST_11,Computers and electric accessories,Item_10_CEA,18.5,9.0,166.5,Credit Card,Online,2022-10-11,True
TXN_6706381,CUST_22,Butchers,Item_6_BUT,12.5,10.0,125.0,Credit Card,Online,2022-08-15,
TXN_4399717,CUST_16,Milk Products,Item_2_MILK,6.5,2.0,13.0,Credit Card,In-store,2022-12-15,True
TXN_2547094,CUST_02,Electric household essentials,Item_12_EHE,21.5,6.0,129.0,Cash,Online,2023-05-09,
TXN_1187419,CUST_22,Butchers,Item_20_BUT,33.5,5.0,167.5,Credit Card,Online,2022-02-03,
TXN_1245067,CUST_21,Food,Item_18_FOOD,30.5,1.0,30.5,Credit Card,Online,2023-08-15,False
TXN_6902800,CUST_24,Beverages,Item_22_BEV,36.5,4.0,146.0,Credit Card,Online,2023-08-17,False
TXN_4829772,CUST_19,Butchers,Item_3_BUT,8.0,6.0,48.0,Cash,Online,2024-09-01,
TXN_3149790,CUST_12,Butchers,Item_20_BUT,33.5,7.0,234.5,Credit Card,In-store,2025-01-11,
TXN_1900258,CUST_16,Food,Item_3_FOOD,8.0,2.0,16.0,Credit Card,In-store,2022-06-16,True
TXN_5969269,CUST_04,Beverages,Item_19_BEV,32.0,8.0,256.0,Cash,In-store,2024-07-29,True
TXN_9553069,CUST_03,Butchers,Item_25_BUT,41.0,9.0,369.0,Cash,In-store,2022-07-24,
TXN_6096878,CUST_20,Food,Item_1_FOOD,5.0,2.0,10.0,Credit Card,Online,2023-01-02,True
TXN_5611269,CUST_23,Patisserie,Item_24_PAT,39.5,4.0,158.0,Credit Card,Online,2024-08-08,True
TXN_5814096,CUST_01,Patisserie,Item_9_PAT,17.0,3.0,51.0,Digital Wallet,In-store,2022-08-08,
TXN_9996372,CUST_25,Computers and electric accessories,Item_11_CEA,20.0,2.0,40.0,Digital Wallet,Online,2024-11-11,True
TXN_6450930,CUST_21,Beverages,Item_8_BEV,15.5,9.0,139.5,Digital Wallet,Online,2023-12-06,True
TXN_7510339,CUST_07,Computers and electric accessories,Item_22_CEA,36.5,7.0,255.5,Cash,Online,2023-08-09,False
TXN_8615825,CUST_19,Furniture,Item_25_FUR,41.0,1.0,41.0,Credit Card,Online,2022-03-20,True
TXN_4854448,CUST_13,Milk Products,Item_5_MILK,11.0,3.0,33.0,Credit Card,In-store,2023-04-25,
TXN_3228310,CUST_18,Furniture,Item_24_FUR,39.5,6.0,237.0,Cash,Online,2023-05-07,
TXN_9423173,CUST_08,Food,Item_11_FOOD,20.0,6.0,120.0,Credit Card,In-store,2022-07-12,False
TXN_9224384,CUST_10,Food,Item_4_FOOD,9.5,6.0,57.0,Credit Card,In-store,2023-06-23,False
TXN_4489065,CUST_22,Beverages,Item_22_BEV,36.5,4.0,146.0,Digital Wallet,Online,2024-08-16,
TXN_8930302,CUST_14,Butchers,Item_22_BUT,36.5,5.0,182.5,Cash,In-store,2022-07-08,
TXN_1334745,CUST_05,Patisserie,Item_25_PAT,41.0,4.0,164.0,Digital Wallet,In-store,2022-06-24,True
TXN_5862349,CUST_19,Milk Products,Item_19_MILK,32.0,6.0,192.0,Credit Card,In-store,2025-01-08,False
TXN_7250843,CUST_10,Patisserie,Item_23_PAT,38.0,1.0,38.0,Credit Card,In-store,2022-06-27,True
TXN_6948660,CUST_21,Computers and electric accessories,Item_19_CEA,32.0,5.0,160.0,Cash,In-store,2023-12-12,
TXN_2246570,CUST_21,Patisserie,Item_23_PAT,38.0,9.0,342.0,Cash,In-store,2022-06-11,False
TXN_2537089,CUST_16,Computers and electric accessories,Item_18_CEA,30.5,10.0,305.0,Credit Card,Online,2023-03-11,
TXN_1432829,CUST_21,Milk Products,Item_15_MILK,26.0,9.0,234.0,Credit Card,In-store,2023-08-16,
TXN_6030366,CUST_17,Furniture,Item_2_FUR,6.5,6.0,39.0,Digital Wallet,In-store,2022-11-30,True
TXN_6979245,CUST_13,Electric household essentials,Item_5_EHE,11.0,4.0,44.0,Cash,In-store,2022-05-08,True
TXN_8336383,CUST_08,Beverages,Item_23_BEV,38.0,4.0,152.0,Digital Wallet,In-store,2022-06-22,True
TXN_8987298,CUST_22,Beverages,Item_1_BEV,5.0,2.0,10.0,Credit Card,Online,2023-06-16,
TXN_2477647,CUST_03,Food,Item_4_FOOD,9.5,2.0,19.0,Credit Card,Online,2024-04-22,True
TXN_8634272,CUST_03,Patisserie,Item_8_PAT,15.5,7.0,108.5,Credit Card,In-store,2023-01-23,False
TXN_7782524,CUST_02,Electric household essentials,Item_15_EHE,26.0,9.0,234.0,Digital Wallet,Online,2022-06-12,False
TXN_1188415,CUST_18,Electric household essentials,Item_1_EHE,5.0,5.0,25.0,Cash,In-store,2025-01-15,False
TXN_6509362,CUST_16,Furniture,Item_16_FUR,27.5,9.0,247.5,Cash,In-store,2022-05-05,
TXN_5736213,CUST_21,Butchers,Item_24_BUT,39.5,9.0,355.5,Cash,In-store,2024-05-06,False
TXN_6506236,CUST_07,Patisserie,Item_17_PAT,29.0,1.0,29.0,Credit Card,Online,2022-12-25,
TXN_3764016,CUST_21,Electric household essentials,Item_15_EHE,26.0,2.0,52.0,Cash,Online,2022-09-04,False
TXN_3100291,CUST_10,Computers and electric accessories,Item_15_CEA,26.0,8.0,208.0,Cash,Online,2023-06-16,False
TXN_4568923,CUST_08,Food,Item_9_FOOD,17.0,8.0,136.0,Digital Wallet,Online,2022-07-26,False
TXN_4857957,CUST_25,Patisserie,Item_12_PAT,21.5,8.0,172.0,Digital Wallet,Online,2024-04-11,True
TXN_6822752,CUST_21,Computers and electric accessories,Item_5_CEA,11.0,10.0,110.0,Digital Wallet,Online,2022-01-13,
TXN_6192944,CUST_19,Electric household essentials,Item_20_EHE,33.5,8.0,268.0,Digital Wallet,In-store,2025-01-03,False
TXN_3622317,CUST_13,Electric household essentials,Item_10_EHE,18.5,2.0,37.0,Cash,Online,2023-02-25,False
TXN_5782730,CUST_05,Beverages,Item_8_BEV,15.5,3.0,46.5,Digital Wallet,In-store,2022-10-03,False
TXN_5921416,CUST_11,Butchers,Item_3_BUT,8.0,2.0,16.0,Cash,Online,2024-04-05,
TXN_3895137,CUST_08,Beverages,Item_7_BEV,14.0,4.0,56.0,Credit Card,Online,2023-03-29,False
TXN_7129969,CUST_18,Furniture,Item_1_FUR,5.0,5.0,25.0,Credit Card,In-store,2022-03-19,True
TXN_3349701,CUST_02,Butchers,Item_25_BUT,41.0,1.0,41.0,Credit Card,In-store,2024-07-16,
TXN_2231201,CUST_04,Electric household essentials,Item_15_EHE,26.0,5.0,130.0,Cash,Online,2024-05-23,
TXN_7431980,CUST_01,Butchers,Item_8_BUT,15.5,9.0,139.5,Credit Card,Online,2024-06-15,
TXN_5459776,CUST_24,Food,Item_14_FOOD,24.5,2.0,49.0,Digital Wallet,Online,2024-10-01,False
TXN_7510517,CUST_05,Butchers,Item_10_BUT,18.5,3.0,55.5,Digital Wallet,Online,2024-03-10,False
TXN_6030067,CUST_11,Milk Products,Item_12_MILK,21.5,4.0,86.0,Cash,Online,2022-03-15,False
TXN_3847123,CUST_22,Butchers,Item_12_BUT,21.5,10.0,215.0,Credit Card,Online,2024-06-21,False
TXN_3018500,CUST_11,Food,Item_5_FOOD,11.0,6.0,66.0,Cash,In-store,2023-05-24,False
TXN_7869463,CUST_14,Computers and electric accessories,,,8.0,232.0,Credit Card,Online,2023-03-11,False
TXN_5916266,CUST_23,Food,Item_10_FOOD,18.5,3.0,55.5,Digital Wallet,Online,2023-10-19,False
TXN_4993247,CUST_23,Electric household essentials,Item_23_EHE,38.0,2.0,76.0,Credit Card,Online,2022-03-07,False
TXN_6600908,CUST_14,Food,Item_14_FOOD,24.5,6.0,147.0,Cash,Online,2023-08-25,
TXN_8362642,CUST_04,Beverages,Item_7_BEV,14.0,8.0,112.0,Cash,In-store,2024-02-23,
TXN_1417703,CUST_17,Milk Products,Item_1_MILK,5.0,8.0,40.0,Cash,In-store,2024-06-07,True
TXN_5715686,CUST_06,Electric household essentials,Item_25_EHE,41.0,8.0,328.0,Digital Wallet,In-store,2025-01-07,True
TXN_7216070,CUST_08,Butchers,Item_11_BUT,20.0,5.0,100.0,Credit Card,Online,2024-02-06,
TXN_1456033,CUST_12,Milk Products,Item_4_MILK,9.5,6.0,57.0,Digital Wallet,In-store,2023-08-18,False
TXN_6977040,CUST_13,Food,Item_5_FOOD,11.0,7.0,77.0,Digital Wallet,Online,2023-03-31,False
TXN_1065130,CUST_09,Butchers,Item_25_BUT,41.0,3.0,123.0,Cash,Online,2022-09-14,
TXN_2026101,CUST_10,Patisserie,,24.5,,,Cash,In-store,2023-05-14,
TXN_5647147,CUST_05,Electric household essentials,Item_10_EHE,18.5,6.0,111.0,Credit Card,Online,2024-05-16,False
TXN_5770780,CUST_16,Electric household essentials,Item_8_EHE,15.5,2.0,31.0,Credit Card,In-store,2023-08-18,
TXN_3307692,CUST_21,Furniture,Item_25_FUR,41.0,6.0,246.0,Cash,Online,2022-06-27,
TXN_3746709,CUST_13,Milk Products,Item_2_MILK,6.5,4.0,26.0,Digital Wallet,Online,2022-05-13,
TXN_2997461,CUST_05,Electric household essentials,Item_8_EHE,15.5,8.0,124.0,Credit Card,In-store,2023-09-18,True
TXN_6786362,CUST_22,Milk Products,Item_13_MILK,23.0,8.0,184.0,Digital Wallet,Online,2024-05-17,
TXN_7944224,CUST_15,Beverages,Item_16_BEV,27.5,3.0,82.5,Cash,Online,2023-09-11,False
TXN_6998087,CUST_13,Milk Products,Item_20_MILK,33.5,8.0,268.0,Cash,In-store,2024-08-06,True
TXN_7673556,CUST_10,Milk Products,,27.5,,,Cash,In-store,2024-01-07,True
TXN_4541403,CUST_09,Patisserie,Item_6_PAT,12.5,10.0,125.0,Digital Wallet,Online,2023-12-18,True
TXN_6843971,CUST_01,Beverages,Item_25_BEV,41.0,4.0,164.0,Credit Card,In-store,2022-08-07,True
TXN_1745928,CUST_17,Computers and electric accessories,Item_1_CEA,5.0,1.0,5.0,Credit Card,Online,2024-10-11,True
TXN_6800602,CUST_06,Milk Products,Item_1_MILK,5.0,4.0,20.0,Cash,Online,2022-03-03,
TXN_4759881,CUST_05,Beverages,Item_12_BEV,21.5,8.0,172.0,Credit Card,In-store,2024-08-06,
TXN_6862740,CUST_02,Food,Item_7_FOOD,14.0,3.0,42.0,Credit Card,Online,2024-08-13,
TXN_1714851,CUST_14,Milk Products,Item_18_MILK,30.5,5.0,152.5,Cash,In-store,2024-09-24,False
TXN_9450304,CUST_20,Food,Item_5_FOOD,11.0,2.0,22.0,Digital Wallet,Online,2023-04-22,
TXN_6291669,CUST_06,Computers and electric accessories,Item_12_CEA,21.5,5.0,107.5,Cash,In-store,2023-09-01,
TXN_1007496,CUST_01,Butchers,,,10.0,155.0,Credit Card,Online,2024-02-05,True
TXN_2391758,CUST_09,Computers and electric accessories,Item_2_CEA,6.5,5.0,32.5,Credit Card,Online,2022-10-01,True
TXN_9816119,CUST_08,Beverages,Item_8_BEV,15.5,8.0,124.0,Digital Wallet,Online,2022-08-26,False
TXN_6312219,CUST_09,Electric household essentials,Item_13_EHE,23.0,8.0,184.0,Digital Wallet,In-store,2023-04-13,
TXN_8299684,CUST_14,Computers and electric accessories,Item_20_CEA,33.5,2.0,67.0,Credit Card,In-store,2022-07-06,
TXN_5069350,CUST_24,Furniture,Item_15_FUR,26.0,7.0,182.0,Credit Card,In-store,2024-10-01,True
TXN_9501460,CUST_11,Milk Products,Item_15_MILK,26.0,5.0,130.0,Digital Wallet,In-store,2023-03-25,False
TXN_9245633,CUST_08,Furniture,Item_7_FUR,14.0,8.0,112.0,Cash,Online,2022-01-07,
TXN_6524933,CUST_15,Food,Item_22_FOOD,36.5,10.0,365.0,Cash,In-store,2022-03-13,True
TXN_8769977,CUST_04,Computers and electric accessories,Item_1_CEA,5.0,5.0,25.0,Cash,In-store,2024-07-03,
TXN_7615768,CUST_21,Butchers,Item_19_BUT,32.0,2.0,64.0,Credit Card,Online,2023-10-19,
TXN_1777125,CUST_21,Food,Item_11_FOOD,20.0,9.0,180.0,Credit Card,Online,2024-08-23,False
TXN_4548524,CUST_15,Computers and electric accessories,Item_10_CEA,18.5,3.0,55.5,Credit Card,Online,2023-08-19,False
TXN_9777501,CUST_23,Beverages,Item_17_BEV,29.0,4.0,116.0,Digital Wallet,In-store,2024-08-08,
TXN_2092827,CUST_25,Milk Products,,,1.0,30.5,Digital Wallet,Online,2023-10-01,False
TXN_9282380,CUST_09,Butchers,Item_23_BUT,38.0,5.0,190.0,Digital Wallet,In-store,2024-09-22,
TXN_7882600,CUST_03,Milk Products,Item_11_MILK,20.0,8.0,160.0,Credit Card,Online,2022-04-16,False
TXN_8084251,CUST_16,Electric household essentials,,26.0,,,Digital Wallet,In-store,2024-01-03,
TXN_2014914,CUST_07,Patisserie,Item_17_PAT,29.0,8.0,232.0,Cash,In-store,2023-09-14,False
TXN_1155401,CUST_06,Milk Products,Item_19_MILK,32.0,2.0,64.0,Digital Wallet,In-store,2024-12-07,False
TXN_2412514,CUST_20,Beverages,Item_2_BEV,6.5,2.0,13.0,Cash,In-store,2023-06-20,False
TXN_6878154,CUST_14,Butchers,Item_17_BUT,29.0,5.0,145.0,Digital Wallet,Online,2022-04-22,True
TXN_9649810,CUST_04,Food,Item_11_FOOD,20.0,7.0,140.0,Credit Card,In-store,2024-03-07,True
TXN_7288669,CUST_09,Beverages,Item_2_BEV,6.5,4.0,26.0,Cash,Online,2023-04-27,
TXN_2910275,CUST_03,Computers and electric accessories,Item_17_CEA,29.0,5.0,145.0,Digital Wallet,Online,2022-01-22,False
TXN_1818683,CUST_10,Milk Products,,,5.0,25.0,Credit Card,In-store,2022-07-12,
TXN_6437443,CUST_24,Patisserie,Item_4_PAT,9.5,8.0,76.0,Digital Wallet,In-store,2024-11-26,False
TXN_9930574,CUST_14,Food,Item_1_FOOD,5.0,7.0,35.0,Digital Wallet,Online,2022-03-16,True
TXN_4717804,CUST_21,Patisserie,Item_11_PAT,20.0,6.0,120.0,Digital Wallet,Online,2022-10-28,False
TXN_4411069,CUST_08,Food,Item_11_FOOD,20.0,10.0,200.0,Digital Wallet,In-store,2022-05-06,False
TXN_7980565,CUST_04,Computers and electric accessories,Item_20_CEA,33.5,1.0,33.5,Digital Wallet,Online,2022-05-17,False
TXN_6590776,CUST_24,Beverages,Item_16_BEV,27.5,6.0,165.0,Cash,Online,2022-12-11,
TXN_4403043,CUST_17,Furniture,Item_8_FUR,15.5,3.0,46.5,Digital Wallet,In-store,2024-12-15,
TXN_3843648,CUST_16,Electric household essentials,Item_12_EHE,21.5,7.0,150.5,Digital Wallet,Online,2022-05-18,False
TXN_2494050,CUST_03,Food,Item_13_FOOD,23.0,9.0,207.0,Credit Card,In-store,2024-04-16,
TXN_5732305,CUST_21,Butchers,Item_13_BUT,23.0,1.0,23.0,Credit Card,Online,2022-02-05,True
TXN_4887526,CUST_01,Patisserie,,,3.0,19.5,Cash,In-store,2023-03-03,False
TXN_1636626,CUST_22,Patisserie,Item_13_PAT,23.0,5.0,115.0,Digital Wallet,In-store,2022-03-27,
TXN_9104482,CUST_10,Computers and electric accessories,Item_10_CEA,18.5,8.0,148.0,Cash,In-store,2022-03-09,True
TXN_6919349,CUST_16,Computers and electric accessories,Item_17_CEA,29.0,9.0,261.0,Credit Card,In-store,2024-01-22,False
TXN_1601678,CUST_13,Furniture,Item_20_FUR,33.5,7.0,234.5,Credit Card,Online,2023-10-12,True
TXN_5798862,CUST_05,Furniture,Item_24_FUR,39.5,3.0,118.5,Credit Card,Online,2024-07-28,False
TXN_2488313,CUST_01,Milk Products,Item_10_MILK,18.5,8.0,148.0,Digital Wallet,In-store,2024-01-13,
TXN_1860120,CUST_01,Furniture,Item_25_FUR,41.0,10.0,410.0,Digital Wallet,Online,2022-01-19,True
TXN_9993420,CUST_07,Patisserie,Item_15_PAT,26.0,5.0,130.0,Credit Card,In-store,2024-09-29,False
TXN_6501326,CUST_05,Beverages,Item_21_BEV,35.0,8.0,280.0,Digital Wallet,Online,2023-07-04,False
TXN_9114808,CUST_23,Food,Item_16_FOOD,27.5,8.0,220.0,Digital Wallet,In-store,2023-07-28,
TXN_5175591,CUST_09,Butchers,Item_24_BUT,39.5,5.0,197.5,Digital Wallet,In-store,2023-01-06,
TXN_6066679,CUST_11,Electric household essentials,Item_13_EHE,23.0,2.0,46.0,Credit Card,Online,2023-03-09,False
TXN_2372254,CUST_14,Food,Item_17_FOOD,29.0,6.0,174.0,Digital Wallet,Online,2024-04-02,True
TXN_6440445,CUST_15,Furniture,Item_19_FUR,32.0,3.0,96.0,Digital Wallet,In-store,2024-05-10,
TXN_3629874,CUST_23,Butchers,Item_7_BUT,14.0,8.0,112.0,Digital Wallet,In-store,2024-09-18,True
TXN_8834665,CUST_15,Food,Item_10_FOOD,18.5,6.0,111.0,Credit Card,Online,2023-08-24,True
TXN_1234299,CUST_15,Butchers,Item_19_BUT,32.0,10.0,320.0,Digital Wallet,Online,2022-02-17,True
TXN_9442698,CUST_15,Furniture,Item_2_FUR,6.5,7.0,45.5,Digital Wallet,Online,2023-10-20,True
TXN_6248356,CUST_14,Electric household essentials,Item_23_EHE,38.0,3.0,114.0,Cash,In-store,2024-10-16,
TXN_5195842,CUST_19,Patisserie,Item_2_PAT,6.5,9.0,58.5,Cash,Online,2023-02-10,False
TXN_4424908,CUST_05,Food,Item_12_FOOD,21.5,10.0,215.0,Credit Card,Online,2022-10-26,
TXN_6812056,CUST_10,Patisserie,Item_10_PAT,18.5,10.0,185.0,Cash,In-store,2024-07-03,True
TXN_4221582,CUST_19,Electric household essentials,Item_18_EHE,30.5,10.0,305.0,Digital Wallet,Online,2022-07-25,True
TXN_1656330,CUST_08,Electric household essentials,Item_6_EHE,12.5,2.0,25.0,Cash,In-store,2023-08-02,
TXN_1185788,CUST_11,Milk Products,Item_6_MILK,12.5,7.0,87.5,Digital Wallet,Online,2023-09-07,True
TXN_4294387,CUST_08,Furniture,Item_2_FUR,6.5,10.0,65.0,Credit Card,In-store,2023-10-22,True
TXN_4621950,CUST_04,Computers and electric accessories,Item_12_CEA,21.5,8.0,172.0,Digital Wallet,Online,2025-01-08,False
TXN_1311636,CUST_14,Food,Item_16_FOOD,27.5,1.0,27.5,Cash,Online,2022-02-09,False
TXN_8475452,CUST_17,Electric household essentials,Item_18_EHE,30.5,2.0,61.0,Credit Card,In-store,2022-07-04,False
TXN_8602784,CUST_06,Electric household essentials,Item_12_EHE,21.5,10.0,215.0,Credit Card,Online,2023-08-20,False
TXN_6052024,CUST_17,Furniture,Item_19_FUR,32.0,3.0,96.0,Cash,In-store,2022-01-08,True
TXN_1165342,CUST_24,Patisserie,Item_7_PAT,14.0,7.0,98.0,Credit Card,In-store,2023-02-01,
TXN_1197864,CUST_09,Computers and electric accessories,Item_18_CEA,30.5,6.0,183.0,Digital Wallet,In-store,2022-01-06,
TXN_8262460,CUST_18,Patisserie,Item_24_PAT,39.5,5.0,197.5,Digital Wallet,In-store,2022-07-24,False
TXN_9957874,CUST_09,Computers and electric accessories,Item_1_CEA,5.0,9.0,45.0,Digital Wallet,In-store,2022-06-29,
TXN_1222659,CUST_17,Beverages,Item_19_BEV,32.0,5.0,160.0,Digital Wallet,In-store,2022-06-22,True
TXN_2818628,CUST_13,Electric household essentials,Item_11_EHE,20.0,2.0,40.0,Digital Wallet,In-store,2023-12-25,False
TXN_6977757,CUST_19,Furniture,Item_25_FUR,41.0,1.0,41.0,Digital Wallet,In-store,2023-12-21,False
TXN_8794900,CUST_18,Computers and electric accessories,,32.0,,,Cash,In-store,2022-11-19,False
TXN_6924479,CUST_21,Patisserie,Item_25_PAT,41.0,10.0,410.0,Credit Card,Online,2022-06-11,
TXN_9252945,CUST_24,Computers and electric accessories,Item_20_CEA,33.5,1.0,33.5,Digital Wallet,Online,2023-06-23,False
TXN_7036290,CUST_15,Patisserie,Item_17_PAT,29.0,9.0,261.0,Cash,Online,2023-07-25,True
TXN_4653570,CUST_12,Milk Products,Item_23_MILK,38.0,4.0,152.0,Credit Card,In-store,2022-09-05,
TXN_1859382,CUST_14,Food,Item_12_FOOD,21.5,6.0,129.0,Credit Card,In-store,2022-03-22,False
TXN_3110652,CUST_07,Food,Item_5_FOOD,11.0,8.0,88.0,Credit Card,In-store,2023-03-08,False
TXN_2886160,CUST_19,Butchers,Item_22_BUT,36.5,7.0,255.5,Digital Wallet,In-store,2022-11-23,False
TXN_6037062,CUST_04,Butchers,Item_20_BUT,33.5,10.0,335.0,Digital Wallet,Online,2022-08-13,False
TXN_4139468,CUST_21,Computers and electric accessories,Item_19_CEA,32.0,8.0,256.0,Credit Card,Online,2024-08-03,True
TXN_7739444,CUST_04,Milk Products,Item_23_MILK,38.0,9.0,342.0,Cash,In-store,2023-05-25,False
TXN_6516663,CUST_15,Butchers,Item_18_BUT,30.5,9.0,274.5,Credit Card,Online,2022-02-24,False
TXN_4025118,CUST_01,Butchers,Item_21_BUT,35.0,5.0,175.0,Credit Card,Online,2022-12-14,False
TXN_5494990,CUST_16,Computers and electric accessories,Item_5_CEA,11.0,4.0,44.0,Credit Card,Online,2023-06-30,
TXN_2163566,CUST_24,Butchers,Item_21_BUT,35.0,6.0,210.0,Credit Card,In-store,2022-02-09,False
TXN_3870638,CUST_20,Beverages,Item_8_BEV,15.5,5.0,77.5,Credit Card,Online,2025-01-10,False
TXN_3786853,CUST_20,Patisserie,Item_19_PAT,32.0,1.0,32.0,Digital Wallet,In-store,2024-02-22,
TXN_1127104,CUST_14,Electric household essentials,Item_21_EHE,35.0,9.0,315.0,Cash,Online,2023-09-23,
TXN_8815455,CUST_18,Beverages,Item_14_BEV,24.5,2.0,49.0,Digital Wallet,Online,2023-06-18,False
TXN_7132270,CUST_09,Patisserie,Item_12_PAT,21.5,1.0,21.5,Cash,Online,2022-06-21,False
TXN_6262851,CUST_18,Furniture,Item_20_FUR,33.5,5.0,167.5,Credit Card,Online,2024-08-12,False
TXN_5742371,CUST_18,Food,,9.5,,,Credit Card,In-store,2023-04-25,True
TXN_9730166,CUST_20,Food,Item_5_FOOD,11.0,9.0,99.0,Digital Wallet,In-store,2022-10-25,
TXN_1508429,CUST_09,Butchers,Item_3_BUT,8.0,5.0,40.0,Credit Card,In-store,2022-12-10,True
TXN_1614532,CUST_05,Milk Products,Item_18_MILK,30.5,3.0,91.5,Cash,In-store,2023-07-17,False
TXN_2292675,CUST_22,Furniture,,,1.0,6.5,Digital Wallet,Online,2024-06-23,
TXN_9270142,CUST_15,Milk Products,Item_4_MILK,9.5,4.0,38.0,Credit Card,In-store,2024-03-26,False
TXN_4845720,CUST_10,Patisserie,Item_12_PAT,21.5,5.0,107.5,Cash,In-store,2022-04-06,False
TXN_8172366,CUST_07,Patisserie,Item_25_PAT,41.0,6.0,246.0,Digital Wallet,In-store,2023-03-02,
TXN_3817044,CUST_17,Food,Item_2_FOOD,6.5,6.0,39.0,Digital Wallet,Online,2023-02-21,False
TXN_8123535,CUST_05,Food,Item_21_FOOD,35.0,2.0,70.0,Cash,In-store,2024-01-14,False
TXN_2584277,CUST_23,Electric household essentials,,33.5,,,Cash,In-store,2024-04-17,True
TXN_5975735,CUST_17,Beverages,Item_17_BEV,29.0,5.0,145.0,Cash,In-store,2022-09-07,
TXN_1827718,CUST_17,Computers and electric accessories,Item_19_CEA,32.0,2.0,64.0,Cash,Online,2024-02-15,
TXN_6546488,CUST_02,Milk Products,Item_5_MILK,11.0,9.0,99.0,Credit Card,In-store,2023-01-29,
TXN_9723263,CUST_03,Beverages,Item_23_BEV,38.0,1.0,38.0,Digital Wallet,In-store,2022-06-27,True
TXN_6990415,CUST_08,Electric household essentials,Item_23_EHE,38.0,7.0,266.0,Credit Card,Online,2023-12-25,
TXN_9701245,CUST_03,Patisserie,Item_12_PAT,21.5,9.0,193.5,Credit Card,In-store,2023-09-26,False
TXN_2511487,CUST_24,Computers and electric accessories,,,10.0,320.0,Credit Card,Online,2024-01-05,True
TXN_2736863,CUST_13,Milk Products,,38.0,,,Digital Wallet,Online,2024-08-10,True
TXN_5562599,CUST_15,Beverages,Item_20_BEV,33.5,8.0,268.0,Digital Wallet,In-store,2022-09-02,True
TXN_1985138,CUST_12,Patisserie,,11.0,,,Digital Wallet,In-store,2023-01-31,False
TXN_6407825,CUST_08,Computers and electric accessories,Item_12_CEA,21.5,1.0,21.5,Digital Wallet,In-store,2024-11-08,True
TXN_7016155,CUST_04,Electric household essentials,Item_11_EHE,20.0,6.0,120.0,Digital Wallet,In-store,2022-11-07,
TXN_3051611,CUST_10,Patisserie,Item_17_PAT,29.0,6.0,174.0,Cash,Online,2022-02-21,False
TXN_8433395,CUST_14,Patisserie,Item_8_PAT,15.5,8.0,124.0,Credit Card,In-store,2023-07-03,
TXN_6825299,CUST_08,Computers and electric accessories,Item_11_CEA,20.0,2.0,40.0,Credit Card,In-store,2023-11-22,False
TXN_2232017,CUST_11,Food,,,8.0,184.0,Cash,In-store,2023-04-18,True
TXN_3194714,CUST_03,Computers and electric accessories,Item_2_CEA,6.5,2.0,13.0,Credit Card,Online,2023-02-14,False
TXN_1578157,CUST_09,Food,Item_19_FOOD,32.0,2.0,64.0,Cash,In-store,2023-07-29,
TXN_8804358,CUST_22,Furniture,Item_14_FUR,24.5,10.0,245.0,Credit Card,Online,2022-01-23,
TXN_3138920,CUST_20,Food,Item_13_FOOD,23.0,2.0,46.0,Digital Wallet,In-store,2023-05-22,
TXN_4621919,CUST_12,Patisserie,Item_4_PAT,9.5,2.0,19.0,Credit Card,Online,2024-05-08,False
TXN_9487070,CUST_11,Beverages,Item_14_BEV,24.5,4.0,98.0,Digital Wallet,In-store,2024-03-26,False
TXN_9388162,CUST_25,Electric household essentials,Item_6_EHE,12.5,5.0,62.5,Credit Card,In-store,2023-08-01,True
TXN_8213847,CUST_09,Computers and electric accessories,Item_13_CEA,23.0,10.0,230.0,Credit Card,In-store,2023-08-21,
TXN_6260322,CUST_08,Electric household essentials,Item_22_EHE,36.5,3.0,109.5,Credit Card,Online,2022-02-15,False
TXN_8243756,CUST_15,Computers and electric accessories,Item_11_CEA,20.0,1.0,20.0,Credit Card,Online,2023-07-01,True
TXN_9049150,CUST_09,Computers and electric accessories,Item_14_CEA,24.5,7.0,171.5,Digital Wallet,In-store,2022-12-18,
TXN_4965503,CUST_15,Milk Products,Item_6_MILK,12.5,8.0,100.0,Digital Wallet,Online,2022-01-02,
TXN_2912595,CUST_11,Computers and electric accessories,Item_12_CEA,21.5,4.0,86.0,Digital Wallet,Online,2022-10-17,False
TXN_1411096,CUST_07,Patisserie,Item_4_PAT,9.5,1.0,9.5,Digital Wallet,Online,2024-06-14,False
TXN_8293313,CUST_12,Electric household essentials,Item_14_EHE,24.5,5.0,122.5,Cash,Online,2023-09-20,
TXN_5849869,CUST_02,Electric household essentials,Item_4_EHE,9.5,1.0,9.5,Credit Card,In-store,2022-08-27,
TXN_9393828,CUST_04,Furniture,Item_17_FUR,29.0,5.0,145.0,Cash,Online,2023-02-12,
TXN_4721517,CUST_12,Computers and electric accessories,Item_12_CEA,21.5,4.0,86.0,Digital Wallet,Online,2022-01-24,False
TXN_7551197,CUST_04,Food,Item_13_FOOD,23.0,7.0,161.0,Credit Card,In-store,2022-08-23,
TXN_8822878,CUST_18,Beverages,Item_9_BEV,17.0,1.0,17.0,Cash,Online,2022-12-01,False
TXN_2211428,CUST_04,Electric household essentials,Item_25_EHE,41.0,8.0,328.0,Digital Wallet,Online,2024-11-29,
TXN_5439767,CUST_18,Furniture,Item_2_FUR,6.5,2.0,13.0,Cash,In-store,2023-09-19,True
TXN_6491456,CUST_04,Computers and electric accessories,Item_3_CEA,8.0,6.0,48.0,Cash,In-store,2023-12-21,True
TXN_2367523,CUST_02,Electric household essentials,Item_13_EHE,23.0,2.0,46.0,Credit Card,In-store,2022-12-09,
TXN_4682990,CUST_07,Food,Item_25_FOOD,41.0,1.0,41.0,Digital Wallet,In-store,2024-09-19,False
TXN_9965946,CUST_02,Beverages,Item_18_BEV,30.5,7.0,213.5,Digital Wallet,In-store,2023-06-10,False
TXN_5985449,CUST_09,Butchers,Item_22_BUT,36.5,1.0,36.5,Digital Wallet,Online,2023-08-27,
TXN_6407088,CUST_22,Milk Products,Item_1_MILK,5.0,8.0,40.0,Digital Wallet,Online,2022-12-10,True
TXN_9013951,CUST_09,Milk Products,Item_8_MILK,15.5,9.0,139.5,Digital Wallet,In-store,2024-07-11,False
TXN_2078236,CUST_15,Patisserie,Item_7_PAT,14.0,2.0,28.0,Digital Wallet,Online,2022-05-11,False
TXN_5156735,CUST_11,Milk Products,Item_16_MILK,27.5,2.0,55.0,Cash,In-store,2024-07-23,True
TXN_1492407,CUST_05,Milk Products,Item_19_MILK,32.0,10.0,320.0,Cash,In-store,2022-02-04,
TXN_1317296,CUST_24,Furniture,Item_25_FUR,41.0,6.0,246.0,Cash,Online,2024-09-10,True
TXN_7663942,CUST_02,Milk Products,,14.0,,,Cash,In-store,2023-02-28,True
TXN_3694588,CUST_11,Patisserie,Item_11_PAT,20.0,3.0,60.0,Credit Card,In-store,2024-12-07,True
TXN_5185719,CUST_18,Electric household essentials,Item_11_EHE,20.0,2.0,40.0,Cash,In-store,2024-01-28,False
TXN_1635054,CUST_10,Food,Item_3_FOOD,8.0,4.0,32.0,Cash,Online,2024-01-17,False
TXN_5260160,CUST_24,Patisserie,Item_20_PAT,33.5,7.0,234.5,Cash,In-store,2023-07-29,
TXN_4497098,CUST_05,Butchers,Item_12_BUT,21.5,8.0,172.0,Credit Card,In-store,2022-07-12,
TXN_7015442,CUST_24,Computers and electric accessories,Item_5_CEA,11.0,7.0,77.0,Credit Card,Online,2024-06-06,
TXN_7371264,CUST_13,Furniture,Item_2_FUR,6.5,8.0,52.0,Digital Wallet,In-store,2022-08-22,True
TXN_6539175,CUST_18,Furniture,Item_10_FUR,18.5,10.0,185.0,Credit Card,In-store,2024-09-09,
TXN_6305251,CUST_01,Computers and electric accessories,Item_14_CEA,24.5,10.0,245.0,Credit Card,In-store,2024-10-27,True
TXN_3433247,CUST_21,Beverages,Item_16_BEV,27.5,6.0,165.0,Digital Wallet,In-store,2022-03-08,
TXN_2680015,CUST_02,Butchers,Item_14_BUT,24.5,9.0,220.5,Credit Card,Online,2022-04-24,False
TXN_8393738,CUST_10,Computers and electric accessories,Item_19_CEA,32.0,3.0,96.0,Credit Card,Online,2023-01-07,True
TXN_5258073,CUST_11,Beverages,Item_15_BEV,26.0,8.0,208.0,Digital Wallet,Online,2023-08-22,
TXN_1848524,CUST_11,Food,Item_11_FOOD,20.0,3.0,60.0,Credit Card,Online,2024-12-27,True
TXN_7281592,CUST_02,Milk Products,Item_1_MILK,5.0,6.0,30.0,Cash,In-store,2023-05-30,False
TXN_2384950,CUST_08,Computers and electric accessories,,17.0,,,Digital Wallet,Online,2023-01-11,False
TXN_1466500,CUST_12,Food,Item_12_FOOD,21.5,3.0,64.5,Digital Wallet,In-store,2022-11-13,False
TXN_3152478,CUST_04,Food,Item_14_FOOD,24.5,9.0,220.5,Credit Card,In-store,2023-11-09,
TXN_8948810,CUST_05,Furniture,Item_25_FUR,41.0,5.0,205.0,Digital Wallet,In-store,2022-09-29,True
TXN_5513567,CUST_06,Computers and electric accessories,,,10.0,185.0,Digital Wallet,Online,2022-10-13,
TXN_9813169,CUST_20,Butchers,Item_15_BUT,26.0,6.0,156.0,Cash,Online,2025-01-07,
TXN_4077245,CUST_11,Butchers,Item_16_BUT,27.5,1.0,27.5,Credit Card,In-store,2024-03-13,True
TXN_1853686,CUST_07,Computers and electric accessories,Item_9_CEA,17.0,9.0,153.0,Digital Wallet,In-store,2024-04-20,True
TXN_3966618,CUST_08,Furniture,Item_11_FUR,20.0,4.0,80.0,Digital Wallet,Online,2022-08-14,True
TXN_8694029,CUST_07,Food,Item_18_FOOD,30.5,9.0,274.5,Credit Card,In-store,2023-03-11,False
TXN_9250753,CUST_02,Computers and electric accessories,Item_7_CEA,14.0,9.0,126.0,Cash,In-store,2023-09-29,
TXN_4451594,CUST_23,Patisserie,Item_22_PAT,36.5,8.0,292.0,Digital Wallet,Online,2022-10-19,True
TXN_3933057,CUST_13,Butchers,Item_6_BUT,12.5,7.0,87.5,Digital Wallet,In-store,2023-04-24,
TXN_8820879,CUST_23,Food,Item_13_FOOD,23.0,10.0,230.0,Cash,Online,2022-01-19,
TXN_3047170,CUST_15,Furniture,,9.5,,,Cash,Online,2025-01-16,True
TXN_7407092,CUST_22,Electric household essentials,Item_8_EHE,15.5,6.0,93.0,Credit Card,Online,2023-03-08,False
TXN_2750219,CUST_24,Patisserie,Item_12_PAT,21.5,2.0,43.0,Credit Card,Online,2024-02-06,False
TXN_1695790,CUST_09,Furniture,Item_12_FUR,21.5,8.0,172.0,Cash,In-store,2024-05-04,True
TXN_2681703,CUST_22,Patisserie,Item_17_PAT,29.0,10.0,290.0,Cash,Online,2024-04-06,True
TXN_3734274,CUST_11,Food,Item_25_FOOD,41.0,4.0,164.0,Credit Card,Online,2022-08-09,
TXN_1560951,CUST_23,Patisserie,Item_12_PAT,21.5,4.0,86.0,Cash,Online,2024-05-02,
TXN_5139331,CUST_24,Furniture,Item_25_FUR,41.0,6.0,246.0,Cash,In-store,2022-11-28,
TXN_7412723,CUST_09,Electric household essentials,Item_20_EHE,33.5,1.0,33.5,Digital Wallet,In-store,2022-12-20,False
TXN_8372453,CUST_25,Beverages,Item_22_BEV,36.5,8.0,292.0,Credit Card,Online,2024-11-30,False
TXN_5116695,CUST_16,Milk Products,Item_19_MILK,32.0,8.0,256.0,Digital Wallet,In-store,2023-08-16,
TXN_5664358,CUST_07,Computers and electric accessories,,,1.0,35.0,Credit Card,Online,2022-01-04,False
TXN_2906236,CUST_14,Patisserie,Item_20_PAT,33.5,5.0,167.5,Credit Card,In-store,2023-11-25,True
TXN_3512164,CUST_19,Patisserie,Item_15_PAT,26.0,10.0,260.0,Cash,In-store,2022-08-20,
TXN_5243487,CUST_10,Milk Products,Item_7_MILK,14.0,2.0,28.0,Credit Card,In-store,2024-09-17,True
TXN_4577067,CUST_21,Milk Products,Item_16_MILK,27.5,4.0,110.0,Cash,In-store,2024-10-24,True
TXN_2999995,CUST_19,Milk Products,Item_16_MILK,27.5,10.0,275.0,Cash,In-store,2024-06-18,True
TXN_6901057,CUST_16,Beverages,,8.0,,,Credit Card,Online,2024-08-31,
TXN_8005094,CUST_20,Beverages,Item_16_BEV,27.5,6.0,165.0,Credit Card,In-store,2022-09-29,False
TXN_4164947,CUST_09,Furniture,Item_24_FUR,39.5,2.0,79.0,Digital Wallet,Online,2024-01-04,True
TXN_3846015,CUST_19,Electric household essentials,Item_25_EHE,41.0,3.0,123.0,Digital Wallet,Online,2024-08-22,False
TXN_9779243,CUST_14,Patisserie,Item_4_PAT,9.5,2.0,19.0,Cash,Online,2022-04-24,
TXN_7817857,CUST_01,Beverages,Item_4_BEV,9.5,3.0,28.5,Cash,Online,2022-07-04,False
TXN_1505937,CUST_06,Electric household essentials,,,1.0,29.0,Digital Wallet,Online,2023-06-04,False
TXN_4274208,CUST_11,Butchers,Item_13_BUT,23.0,1.0,23.0,Credit Card,In-store,2022-07-31,True
TXN_5721774,CUST_07,Food,Item_5_FOOD,11.0,8.0,88.0,Credit Card,Online,2024-01-13,False
TXN_1966034,CUST_13,Beverages,Item_20_BEV,33.5,4.0,134.0,Digital Wallet,In-store,2024-08-26,True
TXN_1375347,CUST_03,Food,Item_12_FOOD,21.5,1.0,21.5,Credit Card,In-store,2025-01-11,
TXN_8286837,CUST_15,Milk Products,Item_7_MILK,14.0,1.0,14.0,Credit Card,In-store,2023-12-19,False
TXN_4363648,CUST_09,Electric household essentials,Item_19_EHE,32.0,2.0,64.0,Cash,Online,2023-07-23,True
TXN_1986816,CUST_16,Patisserie,Item_23_PAT,38.0,4.0,152.0,Credit Card,Online,2023-01-17,False
TXN_6617830,CUST_23,Patisserie,Item_13_PAT,23.0,10.0,230.0,Cash,In-store,2024-02-28,False
TXN_9895162,CUST_09,Food,Item_1_FOOD,5.0,1.0,5.0,Credit Card,Online,2024-05-18,True
TXN_5913117,CUST_23,Electric household essentials,Item_23_EHE,38.0,6.0,228.0,Digital Wallet,In-store,2023-07-17,
TXN_2254132,CUST_25,Furniture,Item_21_FUR,35.0,7.0,245.0,Digital Wallet,Online,2024-05-07,False
TXN_7166227,CUST_06,Patisserie,Item_1_PAT,5.0,2.0,10.0,Cash,In-store,2022-09-18,True
TXN_4114556,CUST_21,Patisserie,,,3.0,46.5,Cash,Online,2023-02-26,False
TXN_6026363,CUST_20,Computers and electric accessories,Item_10_CEA,18.5,6.0,111.0,Digital Wallet,In-store,2024-06-14,True
TXN_8293398,CUST_19,Patisserie,,20.0,,,Cash,Online,2024-03-29,False
TXN_6957303,CUST_08,Computers and electric accessories,Item_12_CEA,21.5,7.0,150.5,Cash,In-store,2023-04-14,False
TXN_4008428,CUST_07,Computers and electric accessories,Item_10_CEA,18.5,1.0,18.5,Credit Card,Online,2024-08-19,True
TXN_3089213,CUST_02,Food,Item_21_FOOD,35.0,3.0,105.0,Cash,In-store,2023-07-05,True
TXN_1992177,CUST_23,Patisserie,Item_17_PAT,29.0,7.0,203.0,Credit Card,In-store,2022-06-24,True
TXN_4877812,CUST_01,Furniture,,39.5,,,Credit Card,In-store,2024-02-15,
TXN_2826965,CUST_06,Computers and electric accessories,,24.5,,,Credit Card,Online,2022-09-12,True
TXN_3243042,CUST_15,Butchers,Item_13_BUT,23.0,10.0,230.0,Cash,Online,2024-12-15,False
TXN_8233871,CUST_04,Furniture,,,9.0,315.0,Digital Wallet,In-store,2023-07-19,True
TXN_9118930,CUST_18,Electric household essentials,Item_10_EHE,18.5,6.0,111.0,Cash,Online,2023-10-11,False
TXN_2127584,CUST_02,Furniture,Item_6_FUR,12.5,1.0,12.5,Cash,Online,2023-02-04,False
TXN_9226101,CUST_21,Beverages,Item_14_BEV,24.5,2.0,49.0,Cash,Online,2023-09-30,True
TXN_3448045,CUST_21,Food,Item_6_FOOD,12.5,9.0,112.5,Credit Card,In-store,2023-08-22,False
TXN_4883150,CUST_04,Milk Products,Item_3_MILK,8.0,9.0,72.0,Cash,Online,2023-12-12,False
TXN_6889957,CUST_18,Milk Products,Item_3_MILK,8.0,5.0,40.0,Cash,In-store,2024-07-24,False
TXN_1433054,CUST_13,Butchers,,21.5,,,Cash,Online,2023-01-25,True
TXN_9676475,CUST_19,Computers and electric accessories,,6.5,,,Digital Wallet,In-store,2025-01-17,
TXN_7483259,CUST_11,Butchers,Item_23_BUT,38.0,10.0,380.0,Credit Card,In-store,2022-06-27,
TXN_3758134,CUST_16,Patisserie,Item_11_PAT,20.0,5.0,100.0,Cash,Online,2022-09-21,False
TXN_2765923,CUST_18,Computers and electric accessories,Item_15_CEA,26.0,5.0,130.0,Cash,In-store,2024-06-08,
TXN_7791537,CUST_24,Beverages,Item_25_BEV,41.0,2.0,82.0,Credit Card,Online,2024-02-05,True
TXN_1319394,CUST_18,Patisserie,Item_12_PAT,21.5,6.0,129.0,Digital Wallet,Online,2022-09-20,True
TXN_5338814,CUST_06,Milk Products,,,10.0,410.0,Digital Wallet,Online,2023-03-13,False
TXN_1716938,CUST_15,Milk Products,Item_19_MILK,32.0,7.0,224.0,Digital Wallet,Online,2023-12-24,False
TXN_2046951,CUST_11,Butchers,Item_2_BUT,6.5,8.0,52.0,Digital Wallet,Online,2024-11-18,True
TXN_6190160,CUST_05,Butchers,Item_6_BUT,12.5,2.0,25.0,Credit Card,In-store,2023-06-17,True
TXN_4167564,CUST_19,Patisserie,Item_2_PAT,6.5,1.0,6.5,Credit Card,In-store,2024-02-26,True
TXN_9477548,CUST_10,Milk Products,Item_7_MILK,14.0,1.0,14.0,Credit Card,In-store,2022-04-14,
TXN_5259478,CUST_02,Furniture,Item_1_FUR,5.0,1.0,5.0,Credit Card,In-store,2022-02-27,False
TXN_3534253,CUST_14,Patisserie,Item_14_PAT,24.5,3.0,73.5,Digital Wallet,Online,2022-12-22,False
TXN_9105343,CUST_12,Butchers,Item_24_BUT,39.5,4.0,158.0,Cash,Online,2023-11-07,True
TXN_5146937,CUST_25,Furniture,Item_14_FUR,24.5,7.0,171.5,Cash,Online,2023-02-03,
TXN_7501851,CUST_18,Milk Products,Item_6_MILK,12.5,3.0,37.5,Credit Card,Online,2024-08-21,False
TXN_5150250,CUST_09,Furniture,Item_6_FUR,12.5,7.0,87.5,Credit Card,Online,2022-07-05,True
TXN_6103550,CUST_04,Computers and electric accessories,Item_14_CEA,24.5,10.0,245.0,Cash,Online,2022-11-13,False
TXN_6754215,CUST_06,Computers and electric accessories,Item_12_CEA,21.5,3.0,64.5,Cash,Online,2024-12-23,False
TXN_5471275,CUST_14,Food,Item_5_FOOD,11.0,6.0,66.0,Cash,Online,2023-02-26,True
TXN_9263298,CUST_09,Butchers,Item_19_BUT,32.0,4.0,128.0,Credit Card,Online,2022-05-16,False
TXN_8775269,CUST_20,Patisserie,Item_19_PAT,32.0,9.0,288.0,Cash,Online,2022-01-28,True
TXN_6806917,CUST_13,Beverages,Item_18_BEV,30.5,4.0,122.0,Cash,Online,2024-03-22,
TXN_2779699,CUST_22,Food,Item_22_FOOD,36.5,8.0,292.0,Cash,In-store,2022-10-18,False
TXN_2234093,CUST_24,Food,Item_17_FOOD,29.0,1.0,29.0,Credit Card,In-store,2024-12-16,
TXN_1203184,CUST_03,Patisserie,Item_8_PAT,15.5,5.0,77.5,Cash,Online,2023-06-12,True
TXN_4335091,CUST_18,Furniture,Item_2_FUR,6.5,8.0,52.0,Digital Wallet,Online,2023-01-28,True
TXN_3572301,CUST_20,Computers and electric accessories,Item_16_CEA,27.5,9.0,247.5,Digital Wallet,Online,2023-11-03,True
TXN_2002942,CUST_02,Milk Products,Item_18_MILK,30.5,3.0,91.5,Digital Wallet,In-store,2023-01-19,False
TXN_9888917,CUST_05,Patisserie,Item_24_PAT,39.5,9.0,355.5,Digital Wallet,In-store,2024-10-21,False
TXN_1892483,CUST_22,Milk Products,,,9.0,234.0,Cash,Online,2023-08-31,True
TXN_1207537,CUST_02,Butchers,Item_3_BUT,8.0,9.0,72.0,Credit Card,Online,2022-02-01,True
TXN_1172555,CUST_08,Beverages,Item_25_BEV,41.0,10.0,410.0,Cash,In-store,2023-04-01,True
TXN_1038979,CUST_16,Computers and electric accessories,Item_5_CEA,11.0,3.0,33.0,Credit Card,Online,2024-02-06,False
TXN_4047143,CUST_16,Butchers,Item_25_BUT,41.0,10.0,410.0,Credit Card,Online,2024-04-19,
TXN_4201299,CUST_09,Food,,9.5,,,Cash,Online,2023-02-16,False
TXN_6049911,CUST_10,Milk Products,Item_6_MILK,12.5,1.0,12.5,Digital Wallet,In-store,2022-09-13,False
TXN_2603761,CUST_24,Beverages,Item_2_BEV,6.5,10.0,65.0,Credit Card,Online,2024-03-31,
TXN_3557407,CUST_16,Furniture,Item_4_FUR,9.5,3.0,28.5,Cash,Online,2024-03-18,False
TXN_7092567,CUST_22,Computers and electric accessories,Item_23_CEA,38.0,8.0,304.0,Digital Wallet,Online,2023-04-06,False
TXN_5611996,CUST_09,Food,Item_13_FOOD,23.0,6.0,138.0,Cash,In-store,2024-11-07,True
TXN_5155862,CUST_20,Butchers,Item_12_BUT,21.5,1.0,21.5,Credit Card,Online,2024-11-10,
TXN_8539572,CUST_01,Beverages,Item_3_BEV,8.0,9.0,72.0,Cash,In-store,2025-01-01,True
TXN_6942391,CUST_20,Butchers,Item_12_BUT,21.5,1.0,21.5,Cash,In-store,2023-02-04,False
TXN_7812474,CUST_15,Milk Products,Item_15_MILK,26.0,7.0,182.0,Digital Wallet,Online,2022-07-15,True
TXN_6505976,CUST_16,Milk Products,Item_19_MILK,32.0,1.0,32.0,Digital Wallet,In-store,2023-08-24,True
TXN_6269833,CUST_01,Computers and electric accessories,Item_9_CEA,17.0,7.0,119.0,Cash,Online,2023-08-14,True
TXN_5571174,CUST_04,Computers and electric accessories,Item_8_CEA,15.5,4.0,62.0,Credit Card,In-store,2024-04-24,False
TXN_6496740,CUST_24,Food,Item_5_FOOD,11.0,8.0,88.0,Cash,Online,2023-02-11,True
TXN_5778866,CUST_21,Computers and electric accessories,Item_25_CEA,41.0,5.0,205.0,Cash,Online,2024-08-22,False
TXN_4187730,CUST_23,Furniture,Item_24_FUR,39.5,4.0,158.0,Digital Wallet,Online,2024-11-25,False
TXN_6580870,CUST_02,Patisserie,Item_12_PAT,21.5,5.0,107.5,Digital Wallet,Online,2022-04-27,True
TXN_2193584,CUST_15,Electric household essentials,Item_11_EHE,20.0,9.0,180.0,Digital Wallet,Online,2023-02-17,
TXN_1943695,CUST_09,Milk Products,,,8.0,256.0,Credit Card,In-store,2023-04-04,False
TXN_6750356,CUST_18,Furniture,Item_21_FUR,35.0,2.0,70.0,Cash,In-store,2023-04-03,
TXN_8064984,CUST_01,Food,Item_5_FOOD,11.0,6.0,66.0,Digital Wallet,In-store,2023-11-08,False
TXN_1777543,CUST_15,Beverages,Item_16_BEV,27.5,10.0,275.0,Cash,In-store,2022-09-27,True
TXN_4642295,CUST_14,Butchers,Item_15_BUT,26.0,8.0,208.0,Cash,In-store,2023-05-26,
TXN_9793801,CUST_13,Butchers,Item_6_BUT,12.5,9.0,112.5,Digital Wallet,Online,2024-02-23,True
TXN_6706656,CUST_05,Electric household essentials,Item_1_EHE,5.0,7.0,35.0,Credit Card,Online,2022-03-10,
TXN_3330661,CUST_19,Butchers,,21.5,,,Digital Wallet,In-store,2022-01-09,True
TXN_9882976,CUST_21,Electric household essentials,Item_15_EHE,26.0,10.0,260.0,Credit Card,In-store,2024-05-21,False
TXN_9535314,CUST_18,Milk Products,Item_5_MILK,11.0,7.0,77.0,Credit Card,Online,2023-11-20,False
TXN_2718566,CUST_10,Computers and electric accessories,Item_8_CEA,15.5,1.0,15.5,Cash,Online,2023-12-20,
TXN_5543262,CUST_24,Food,Item_12_FOOD,21.5,6.0,129.0,Cash,Online,2023-08-11,False
TXN_8461471,CUST_13,Food,Item_11_FOOD,20.0,3.0,60.0,Cash,Online,2023-10-16,False
TXN_5115781,CUST_02,Butchers,Item_24_BUT,39.5,6.0,237.0,Digital Wallet,Online,2022-07-01,False
TXN_2464906,CUST_11,Milk Products,Item_24_MILK,39.5,5.0,197.5,Credit Card,In-store,2024-12-27,True
TXN_7127992,CUST_21,Computers and electric accessories,Item_19_CEA,32.0,10.0,320.0,Digital Wallet,In-store,2024-06-27,True
TXN_2631567,CUST_18,Milk Products,Item_11_MILK,20.0,6.0,120.0,Digital Wallet,In-store,2023-10-11,False
TXN_5771647,CUST_24,Patisserie,Item_24_PAT,39.5,6.0,237.0,Digital Wallet,Online,2022-06-14,False
TXN_6149033,CUST_08,Patisserie,Item_22_PAT,36.5,1.0,36.5,Cash,In-store,2024-06-17,False
TXN_6609828,CUST_07,Food,,,5.0,40.0,Credit Card,Online,2022-04-06,
TXN_7171512,CUST_01,Computers and electric accessories,Item_12_CEA,21.5,3.0,64.5,Credit Card,In-store,2022-04-13,
TXN_4776341,CUST_22,Electric household essentials,Item_22_EHE,36.5,4.0,146.0,Cash,In-store,2023-04-18,True
TXN_6880511,CUST_20,Butchers,,9.5,,,Credit Card,In-store,2023-03-04,False
TXN_3952040,CUST_06,Electric household essentials,Item_22_EHE,36.5,5.0,182.5,Cash,In-store,2022-04-04,False
TXN_6858321,CUST_13,Food,Item_14_FOOD,24.5,2.0,49.0,Cash,In-store,2022-08-12,
TXN_3504313,CUST_11,Beverages,Item_7_BEV,14.0,1.0,14.0,Digital Wallet,Online,2023-11-07,False
TXN_9099328,CUST_12,Electric household essentials,,,10.0,380.0,Digital Wallet,In-store,2023-02-28,
TXN_5990311,CUST_14,Milk Products,Item_16_MILK,27.5,7.0,192.5,Digital Wallet,Online,2023-04-05,True
TXN_9806807,CUST_06,Furniture,Item_16_FUR,27.5,5.0,137.5,Cash,In-store,2022-01-22,False
TXN_5834846,CUST_05,Electric household essentials,Item_8_EHE,15.5,6.0,93.0,Credit Card,Online,2022-06-17,False
TXN_3262173,CUST_16,Food,Item_12_FOOD,21.5,8.0,172.0,Credit Card,Online,2022-05-06,True
TXN_8006993,CUST_05,Butchers,,,6.0,156.0,Digital Wallet,In-store,2024-09-13,True
TXN_7564949,CUST_01,Butchers,Item_5_BUT,11.0,10.0,110.0,Digital Wallet,In-store,2023-11-27,True
TXN_9099608,CUST_14,Beverages,Item_23_BEV,38.0,1.0,38.0,Credit Card,In-store,2022-02-23,
TXN_4080988,CUST_15,Computers and electric accessories,Item_9_CEA,17.0,3.0,51.0,Cash,In-store,2022-12-03,False
TXN_3575644,CUST_15,Butchers,Item_25_BUT,41.0,3.0,123.0,Cash,Online,2023-05-26,False
TXN_6500890,CUST_07,Electric household essentials,Item_4_EHE,9.5,5.0,47.5,Credit Card,Online,2024-03-15,True
TXN_5281882,CUST_06,Electric household essentials,Item_17_EHE,29.0,1.0,29.0,Credit Card,In-store,2024-02-18,True
TXN_8639124,CUST_02,Food,Item_18_FOOD,30.5,3.0,91.5,Cash,Online,2023-05-27,
TXN_5763933,CUST_07,Patisserie,,24.5,,,Digital Wallet,In-store,2022-11-30,
TXN_5560242,CUST_12,Beverages,Item_3_BEV,8.0,2.0,16.0,Digital Wallet,In-store,2022-08-13,
TXN_3687556,CUST_01,Beverages,Item_8_BEV,15.5,7.0,108.5,Digital Wallet,In-store,2023-05-10,True
TXN_3276784,CUST_06,Beverages,Item_8_BEV,15.5,5.0,77.5,Digital Wallet,In-store,2023-07-30,
TXN_1770449,CUST_25,Electric household essentials,,38.0,,,Digital Wallet,In-store,2024-02-01,False
TXN_5296489,CUST_09,Milk Products,Item_1_MILK,5.0,4.0,20.0,Credit Card,Online,2024-12-07,True
TXN_5635734,CUST_14,Computers and electric accessories,Item_23_CEA,38.0,2.0,76.0,Digital Wallet,Online,2024-01-31,False
TXN_5047909,CUST_03,Milk Products,,36.5,,,Digital Wallet,Online,2023-09-20,True
TXN_8885115,CUST_06,Furniture,Item_25_FUR,41.0,1.0,41.0,Cash,In-store,2024-01-03,
TXN_6213919,CUST_20,Milk Products,Item_1_MILK,5.0,3.0,15.0,Digital Wallet,Online,2022-03-28,
TXN_2243096,CUST_18,Patisserie,Item_20_PAT,33.5,9.0,301.5,Credit Card,Online,2024-04-08,True
TXN_6237848,CUST_04,Computers and electric accessories,Item_9_CEA,17.0,4.0,68.0,Credit Card,In-store,2022-01-12,False
TXN_3515217,CUST_03,Patisserie,Item_17_PAT,29.0,4.0,116.0,Cash,Online,2022-11-03,False
TXN_8828780,CUST_08,Furniture,Item_15_FUR,26.0,10.0,260.0,Cash,In-store,2024-12-16,True
TXN_1205686,CUST_09,Computers and electric accessories,Item_19_CEA,32.0,2.0,64.0,Credit Card,Online,2022-03-12,True
TXN_4071268,CUST_23,Computers and electric accessories,Item_22_CEA,36.5,7.0,255.5,Cash,In-store,2024-08-20,False
TXN_3203228,CUST_09,Milk Products,,,1.0,39.5,Digital Wallet,In-store,2023-01-23,True
TXN_7833045,CUST_05,Milk Products,Item_13_MILK,23.0,9.0,207.0,Credit Card,In-store,2022-09-11,
TXN_9152165,CUST_11,Milk Products,Item_23_MILK,38.0,3.0,114.0,Credit Card,Online,2024-08-23,True
TXN_4769945,CUST_25,Furniture,Item_1_FUR,5.0,4.0,20.0,Credit Card,In-store,2022-09-27,False
TXN_7287258,CUST_07,Furniture,Item_23_FUR,38.0,10.0,380.0,Cash,Online,2025-01-08,False
TXN_7198988,CUST_04,Patisserie,Item_16_PAT,27.5,8.0,220.0,Digital Wallet,In-store,2024-04-08,True
TXN_1996894,CUST_02,Food,Item_11_FOOD,20.0,2.0,40.0,Cash,Online,2022-04-03,False
TXN_9174058,CUST_09,Beverages,Item_20_BEV,33.5,6.0,201.0,Cash,Online,2023-02-18,
TXN_7343995,CUST_16,Electric household essentials,Item_15_EHE,26.0,2.0,52.0,Digital Wallet,In-store,2022-12-09,False
TXN_3661483,CUST_02,Butchers,,,4.0,110.0,Cash,In-store,2022-01-20,
TXN_9916842,CUST_07,Patisserie,Item_20_PAT,33.5,10.0,335.0,Digital Wallet,Online,2024-11-15,
TXN_1123421,CUST_25,Milk Products,Item_17_MILK,29.0,8.0,232.0,Cash,In-store,2022-02-08,
TXN_4897989,CUST_20,Milk Products,Item_2_MILK,6.5,3.0,19.5,Digital Wallet,Online,2023-09-14,False
TXN_3385100,CUST_12,Beverages,Item_24_BEV,39.5,10.0,395.0,Credit Card,Online,2022-10-29,
TXN_5380552,CUST_05,Butchers,Item_17_BUT,29.0,1.0,29.0,Credit Card,In-store,2023-09-28,False
TXN_8572389,CUST_14,Patisserie,Item_8_PAT,15.5,1.0,15.5,Cash,In-store,2022-07-07,False
TXN_3537664,CUST_16,Computers and electric accessories,Item_14_CEA,24.5,4.0,98.0,Credit Card,In-store,2023-09-09,
TXN_4002469,CUST_12,Furniture,Item_9_FUR,17.0,1.0,17.0,Credit Card,Online,2023-12-01,True
TXN_4819911,CUST_04,Beverages,Item_14_BEV,24.5,1.0,24.5,Credit Card,Online,2023-02-02,
TXN_2436739,CUST_02,Patisserie,Item_13_PAT,23.0,2.0,46.0,Credit Card,In-store,2022-08-29,
TXN_3352471,CUST_20,Furniture,Item_5_FUR,11.0,1.0,11.0,Cash,In-store,2024-07-01,True
TXN_8151553,CUST_12,Computers and electric accessories,Item_13_CEA,23.0,10.0,230.0,Digital Wallet,In-store,2023-06-17,False
TXN_7441597,CUST_18,Butchers,Item_17_BUT,29.0,6.0,174.0,Credit Card,In-store,2022-05-16,
TXN_9802098,CUST_04,Food,Item_12_FOOD,21.5,7.0,150.5,Digital Wallet,In-store,2024-03-14,True
TXN_4919540,CUST_12,Food,Item_5_FOOD,11.0,5.0,55.0,Digital Wallet,In-store,2022-09-17,False
TXN_7530536,CUST_07,Milk Products,Item_3_MILK,8.0,8.0,64.0,Credit Card,In-store,2024-05-10,True
TXN_5874122,CUST_20,Furniture,Item_14_FUR,24.5,8.0,196.0,Credit Card,Online,2024-11-03,True
TXN_9649394,CUST_13,Patisserie,Item_20_PAT,33.5,9.0,301.5,Credit Card,Online,2024-08-23,True
TXN_8417983,CUST_25,Milk Products,Item_8_MILK,15.5,7.0,108.5,Cash,Online,2023-05-19,
TXN_6859723,CUST_25,Patisserie,Item_12_PAT,21.5,5.0,107.5,Digital Wallet,Online,2022-01-25,
TXN_4392355,CUST_08,Patisserie,Item_8_PAT,15.5,4.0,62.0,Credit Card,Online,2024-12-14,False
TXN_4058390,CUST_10,Computers and electric accessories,Item_18_CEA,30.5,8.0,244.0,Digital Wallet,Online,2024-09-01,False
TXN_8533361,CUST_07,Food,Item_13_FOOD,23.0,7.0,161.0,Credit Card,In-store,2024-12-14,True
TXN_1795555,CUST_07,Butchers,Item_12_BUT,21.5,5.0,107.5,Credit Card,Online,2022-03-21,True
TXN_5686495,CUST_20,Patisserie,Item_11_PAT,20.0,5.0,100.0,Digital Wallet,In-store,2022-07-02,False
TXN_1387779,CUST_16,Food,Item_21_FOOD,35.0,8.0,280.0,Cash,Online,2024-02-01,True
TXN_9551621,CUST_16,Electric household essentials,,,4.0,146.0,Credit Card,In-store,2023-03-21,True
TXN_2277463,CUST_04,Butchers,Item_24_BUT,39.5,7.0,276.5,Cash,In-store,2022-03-31,
TXN_7798112,CUST_11,Patisserie,Item_15_PAT,26.0,3.0,78.0,Digital Wallet,Online,2024-05-16,
TXN_6569366,CUST_24,Electric household essentials,Item_22_EHE,36.5,7.0,255.5,Digital Wallet,Online,2024-04-06,True
TXN_6689708,CUST_05,Beverages,Item_22_BEV,36.5,8.0,292.0,Credit Card,Online,2024-09-12,False
TXN_9791851,CUST_05,Computers and electric accessories,Item_18_CEA,30.5,5.0,152.5,Credit Card,In-store,2023-01-01,
TXN_3937980,CUST_19,Milk Products,Item_18_MILK,30.5,4.0,122.0,Credit Card,Online,2024-12-16,False
TXN_2662020,CUST_04,Electric household essentials,Item_16_EHE,27.5,1.0,27.5,Digital Wallet,Online,2022-11-28,True
TXN_2630479,CUST_20,Patisserie,Item_8_PAT,15.5,6.0,93.0,Credit Card,In-store,2023-06-30,True
TXN_9542148,CUST_24,Butchers,Item_5_BUT,11.0,5.0,55.0,Cash,Online,2022-08-03,False
TXN_9484134,CUST_22,Computers and electric accessories,Item_11_CEA,20.0,7.0,140.0,Credit Card,In-store,2023-09-25,
TXN_5857201,CUST_05,Electric household essentials,Item_5_EHE,11.0,10.0,110.0,Credit Card,Online,2024-11-08,
TXN_9284513,CUST_06,Butchers,Item_3_BUT,8.0,2.0,16.0,Cash,Online,2024-10-23,True
TXN_6043884,CUST_24,Food,Item_20_FOOD,33.5,1.0,33.5,Cash,In-store,2024-07-08,True
TXN_7892617,CUST_08,Butchers,Item_18_BUT,30.5,3.0,91.5,Credit Card,Online,2023-11-14,True
TXN_7242621,CUST_20,Milk Products,Item_17_MILK,29.0,4.0,116.0,Digital Wallet,Online,2023-06-01,
TXN_1492514,CUST_09,Furniture,Item_2_FUR,6.5,4.0,26.0,Cash,In-store,2022-02-06,
TXN_4461090,CUST_21,Furniture,Item_1_FUR,5.0,4.0,20.0,Cash,Online,2023-02-15,
TXN_7037057,CUST_09,Electric household essentials,Item_25_EHE,41.0,2.0,82.0,Digital Wallet,Online,2022-06-29,True
TXN_1137542,CUST_21,Electric household essentials,,,1.0,11.0,Credit Card,In-store,2023-06-29,
TXN_6522613,CUST_19,Computers and electric accessories,,21.5,,,Digital Wallet,Online,2023-04-13,True
TXN_1812590,CUST_17,Furniture,Item_25_FUR,41.0,3.0,123.0,Cash,In-store,2023-07-23,True
TXN_1539096,CUST_21,Butchers,Item_10_BUT,18.5,9.0,166.5,Credit Card,In-store,2022-02-19,True
TXN_9579739,CUST_11,Food,Item_4_FOOD,9.5,4.0,38.0,Credit Card,Online,2024-04-06,
TXN_2585378,CUST_21,Butchers,Item_22_BUT,36.5,4.0,146.0,Credit Card,In-store,2023-08-27,
TXN_7727096,CUST_19,Food,Item_5_FOOD,11.0,5.0,55.0,Digital Wallet,Online,2022-03-27,True
TXN_9272394,CUST_12,Food,Item_17_FOOD,29.0,3.0,87.0,Cash,In-store,2023-10-11,
TXN_6189225,CUST_09,Milk Products,Item_8_MILK,15.5,4.0,62.0,Digital Wallet,In-store,2023-06-04,True
TXN_1877006,CUST_15,Electric household essentials,Item_19_EHE,32.0,10.0,320.0,Digital Wallet,Online,2024-05-19,True
TXN_3064702,CUST_02,Patisserie,Item_12_PAT,21.5,8.0,172.0,Credit Card,Online,2022-01-17,False
TXN_4910271,CUST_11,Milk Products,Item_19_MILK,32.0,1.0,32.0,Cash,Online,2024-02-09,True
TXN_2222797,CUST_18,Electric household essentials,Item_9_EHE,17.0,4.0,68.0,Cash,In-store,2023-05-06,False
TXN_5679757,CUST_19,Butchers,Item_22_BUT,36.5,8.0,292.0,Digital Wallet,Online,2022-01-15,True
TXN_6492020,CUST_18,Computers and electric accessories,Item_7_CEA,14.0,3.0,42.0,Credit Card,Online,2022-05-03,True
TXN_4205609,CUST_16,Electric household essentials,,,8.0,280.0,Digital Wallet,In-store,2022-01-28,
TXN_2412242,CUST_04,Electric household essentials,Item_22_EHE,36.5,6.0,219.0,Digital Wallet,In-store,2023-07-09,
TXN_5836421,CUST_01,Furniture,Item_6_FUR,12.5,2.0,25.0,Credit Card,Online,2022-03-10,True
TXN_2955038,CUST_19,Food,Item_20_FOOD,33.5,6.0,201.0,Credit Card,Online,2023-06-18,
TXN_9321578,CUST_09,Beverages,Item_12_BEV,21.5,10.0,215.0,Digital Wallet,Online,2022-02-18,
TXN_1156896,CUST_03,Computers and electric accessories,Item_23_CEA,38.0,5.0,190.0,Cash,Online,2024-06-07,
TXN_9629777,CUST_13,Furniture,Item_2_FUR,6.5,9.0,58.5,Credit Card,Online,2023-11-08,
TXN_4041720,CUST_03,Furniture,Item_4_FUR,9.5,9.0,85.5,Credit Card,In-store,2024-09-29,False
TXN_7940060,CUST_16,Food,Item_3_FOOD,8.0,10.0,80.0,Digital Wallet,Online,2022-08-21,False
TXN_1880682,CUST_22,Computers and electric accessories,Item_14_CEA,24.5,10.0,245.0,Cash,In-store,2024-05-28,False
TXN_4123109,CUST_24,Beverages,,,2.0,19.0,Digital Wallet,In-store,2025-01-12,True
TXN_9249556,CUST_11,Furniture,Item_8_FUR,15.5,4.0,62.0,Digital Wallet,In-store,2022-06-18,True
TXN_2325343,CUST_09,Furniture,Item_19_FUR,32.0,8.0,256.0,Credit Card,Online,2023-12-23,
TXN_2245624,CUST_12,Computers and electric accessories,,,4.0,62.0,Cash,Online,2022-07-10,False
TXN_6019366,CUST_16,Furniture,Item_15_FUR,26.0,7.0,182.0,Credit Card,Online,2023-07-09,
TXN_5241473,CUST_22,Electric household essentials,Item_21_EHE,35.0,3.0,105.0,Digital Wallet,Online,2024-08-18,False
TXN_3745439,CUST_15,Electric household essentials,Item_17_EHE,29.0,4.0,116.0,Cash,Online,2022-10-23,
TXN_1231391,CUST_07,Patisserie,Item_8_PAT,15.5,3.0,46.5,Credit Card,In-store,2022-04-06,
TXN_8725442,CUST_08,Butchers,Item_24_BUT,39.5,10.0,395.0,Credit Card,Online,2022-08-20,
TXN_7627807,CUST_11,Computers and electric accessories,Item_20_CEA,33.5,8.0,268.0,Credit Card,Online,2023-11-12,
TXN_5569187,CUST_24,Butchers,Item_19_BUT,32.0,5.0,160.0,Credit Card,Online,2022-06-13,False
TXN_9506859,CUST_13,Computers and electric accessories,,27.5,,,Cash,In-store,2022-10-28,False
TXN_9645168,CUST_02,Computers and electric accessories,Item_12_CEA,21.5,5.0,107.5,Digital Wallet,In-store,2025-01-04,False
TXN_4028997,CUST_03,Patisserie,,,5.0,122.5,Cash,In-store,2022-04-24,False
TXN_8880741,CUST_22,Furniture,Item_11_FUR,20.0,7.0,140.0,Cash,Online,2023-07-03,False
TXN_1224026,CUST_01,Food,Item_2_FOOD,6.5,10.0,65.0,Cash,In-store,2022-10-17,False
TXN_9988948,CUST_25,Furniture,Item_16_FUR,27.5,10.0,275.0,Credit Card,Online,2023-10-08,False
TXN_7755336,CUST_08,Milk Products,Item_1_MILK,5.0,5.0,25.0,Cash,Online,2022-01-31,True
TXN_4241845,CUST_07,Beverages,Item_17_BEV,29.0,1.0,29.0,Cash,In-store,2024-08-02,
TXN_2689560,CUST_21,Electric household essentials,Item_5_EHE,11.0,2.0,22.0,Cash,In-store,2024-05-16,
TXN_5033281,CUST_08,Butchers,Item_18_BUT,30.5,6.0,183.0,Digital Wallet,In-store,2022-01-26,False
TXN_6064430,CUST_22,Computers and electric accessories,Item_14_CEA,24.5,1.0,24.5,Credit Card,In-store,2022-03-04,False
TXN_4651323,CUST_01,Butchers,Item_21_BUT,35.0,4.0,140.0,Credit Card,In-store,2024-10-03,True
TXN_3023874,CUST_03,Patisserie,Item_2_PAT,6.5,1.0,6.5,Digital Wallet,In-store,2024-04-24,True
TXN_7937394,CUST_12,Beverages,Item_17_BEV,29.0,10.0,290.0,Digital Wallet,Online,2022-09-25,
TXN_6698228,CUST_15,Butchers,Item_25_BUT,41.0,1.0,41.0,Digital Wallet,In-store,2023-10-03,False
TXN_1673915,CUST_16,Furniture,Item_15_FUR,26.0,8.0,208.0,Digital Wallet,Online,2023-02-15,False
TXN_3130278,CUST_01,Computers and electric accessories,,,8.0,304.0,Credit Card,Online,2022-12-23,
TXN_3215453,CUST_06,Patisserie,Item_24_PAT,39.5,2.0,79.0,Credit Card,In-store,2024-01-30,False
TXN_8196352,CUST_10,Electric household essentials,Item_21_EHE,35.0,6.0,210.0,Cash,In-store,2024-08-07,True
TXN_2979465,CUST_21,Electric household essentials,Item_13_EHE,23.0,7.0,161.0,Digital Wallet,In-store,2024-09-15,False
TXN_8908031,CUST_25,Butchers,Item_5_BUT,11.0,8.0,88.0,Cash,Online,2023-01-20,False
TXN_2250059,CUST_07,Butchers,Item_5_BUT,11.0,2.0,22.0,Credit Card,Online,2023-10-30,False
TXN_5483324,CUST_21,Food,Item_12_FOOD,21.5,8.0,172.0,Digital Wallet,Online,2024-07-17,
TXN_8847004,CUST_08,Computers and electric accessories,Item_25_CEA,41.0,3.0,123.0,Cash,Online,2024-12-14,
TXN_1016655,CUST_01,Food,Item_17_FOOD,29.0,1.0,29.0,Credit Card,Online,2023-10-22,False
TXN_3385280,CUST_10,Milk Products,Item_2_MILK,6.5,2.0,13.0,Digital Wallet,Online,2022-10-31,
TXN_5156844,CUST_09,Patisserie,Item_20_PAT,33.5,6.0,201.0,Cash,Online,2023-02-23,True
TXN_1367829,CUST_07,Patisserie,Item_20_PAT,33.5,5.0,167.5,Credit Card,Online,2024-01-01,True
TXN_4178874,CUST_10,Butchers,Item_23_BUT,38.0,6.0,228.0,Digital Wallet,In-store,2022-07-19,True
TXN_2758818,CUST_16,Beverages,Item_9_BEV,17.0,3.0,51.0,Credit Card,Online,2023-01-20,
TXN_3134753,CUST_04,Milk Products,Item_7_MILK,14.0,8.0,112.0,Cash,Online,2022-03-08,
TXN_8921717,CUST_17,Computers and electric accessories,Item_9_CEA,17.0,8.0,136.0,Cash,Online,2022-04-18,False
TXN_3071038,CUST_14,Patisserie,Item_9_PAT,17.0,9.0,153.0,Digital Wallet,In-store,2022-12-16,True
TXN_2775815,CUST_09,Food,Item_3_FOOD,8.0,9.0,72.0,Digital Wallet,Online,2025-01-08,
TXN_2078336,CUST_15,Butchers,Item_21_BUT,35.0,6.0,210.0,Cash,Online,2024-07-28,
TXN_3496546,CUST_11,Patisserie,Item_9_PAT,17.0,7.0,119.0,Cash,Online,2023-02-11,False
TXN_4979630,CUST_07,Butchers,Item_6_BUT,12.5,2.0,25.0,Digital Wallet,In-store,2022-04-25,False
TXN_2980967,CUST_04,Butchers,Item_16_BUT,27.5,5.0,137.5,Credit Card,Online,2024-10-28,True
TXN_6526512,CUST_06,Electric household essentials,Item_23_EHE,38.0,5.0,190.0,Digital Wallet,Online,2022-12-24,
TXN_9102090,CUST_21,Patisserie,Item_7_PAT,14.0,7.0,98.0,Credit Card,In-store,2022-08-16,
TXN_4469477,CUST_06,Butchers,Item_21_BUT,35.0,5.0,175.0,Credit Card,In-store,2022-12-28,False
TXN_7564934,CUST_09,Beverages,Item_14_BEV,24.5,10.0,245.0,Credit Card,In-store,2023-07-23,False
TXN_4801214,CUST_06,Food,,36.5,,,Cash,Online,2024-10-17,True
TXN_6192129,CUST_10,Patisserie,Item_14_PAT,24.5,10.0,245.0,Cash,Online,2024-03-02,True
TXN_3723814,CUST_20,Milk Products,Item_11_MILK,20.0,8.0,160.0,Credit Card,Online,2024-02-16,False
TXN_1741161,CUST_14,Beverages,Item_1_BEV,5.0,8.0,40.0,Cash,Online,2024-10-28,False
TXN_5529772,CUST_12,Patisserie,Item_23_PAT,38.0,1.0,38.0,Credit Card,In-store,2024-12-31,False
TXN_4144500,CUST_05,Beverages,,29.0,,,Cash,In-store,2024-06-26,
TXN_4119684,CUST_24,Patisserie,Item_20_PAT,33.5,1.0,33.5,Cash,Online,2023-02-26,
TXN_4640422,CUST_05,Milk Products,,,3.0,60.0,Credit Card,In-store,2023-03-22,True
TXN_4078266,CUST_10,Computers and electric accessories,Item_8_CEA,15.5,7.0,108.5,Cash,In-store,2024-07-19,False
TXN_1847064,CUST_03,Furniture,Item_25_FUR,41.0,1.0,41.0,Digital Wallet,Online,2024-01-13,
TXN_5431879,CUST_10,Electric household essentials,,38.0,,,Credit Card,Online,2024-02-14,
TXN_3969038,CUST_20,Patisserie,Item_11_PAT,20.0,4.0,80.0,Credit Card,Online,2022-11-30,False
TXN_7546166,CUST_07,Butchers,Item_6_BUT,12.5,4.0,50.0,Credit Card,In-store,2023-12-27,False
TXN_8464397,CUST_09,Food,,24.5,,,Credit Card,In-store,2022-05-18,True
TXN_6667228,CUST_02,Butchers,Item_6_BUT,12.5,2.0,25.0,Cash,Online,2022-10-09,True
TXN_5864711,CUST_22,Patisserie,Item_18_PAT,30.5,4.0,122.0,Credit Card,In-store,2022-03-02,False
TXN_9864321,CUST_09,Computers and electric accessories,Item_15_CEA,26.0,5.0,130.0,Credit Card,Online,2024-04-04,
TXN_7828591,CUST_02,Patisserie,Item_3_PAT,8.0,2.0,16.0,Digital Wallet,In-store,2022-09-25,True
TXN_5830803,CUST_13,Food,Item_5_FOOD,11.0,8.0,88.0,Cash,Online,2023-03-19,False
TXN_5551793,CUST_03,Milk Products,Item_7_MILK,14.0,5.0,70.0,Cash,Online,2024-04-06,True
TXN_4596184,CUST_17,Food,Item_24_FOOD,39.5,4.0,158.0,Digital Wallet,Online,2023-11-24,False
TXN_8757042,CUST_17,Butchers,,36.5,,,Credit Card,Online,2022-11-30,False
TXN_1107812,CUST_03,Butchers,Item_20_BUT,33.5,5.0,167.5,Credit Card,In-store,2023-04-13,
TXN_7906917,CUST_11,Electric household essentials,Item_20_EHE,33.5,1.0,33.5,Credit Card,Online,2022-01-21,
TXN_7278878,CUST_11,Patisserie,Item_14_PAT,24.5,1.0,24.5,Credit Card,In-store,2023-03-05,False
TXN_6142111,CUST_09,Beverages,Item_8_BEV,15.5,3.0,46.5,Credit Card,Online,2024-03-02,True
TXN_3662764,CUST_22,Computers and electric accessories,Item_12_CEA,21.5,4.0,86.0,Cash,Online,2024-10-01,
TXN_2442204,CUST_13,Milk Products,,,9.0,45.0,Credit Card,Online,2024-07-06,False
TXN_8805576,CUST_11,Milk Products,Item_1_MILK,5.0,7.0,35.0,Cash,Online,2024-12-09,True
TXN_4966636,CUST_25,Patisserie,Item_2_PAT,6.5,8.0,52.0,Digital Wallet,Online,2024-11-19,True
TXN_1725454,CUST_07,Electric household essentials,Item_6_EHE,12.5,8.0,100.0,Credit Card,Online,2023-11-15,False
TXN_2543656,CUST_06,Milk Products,Item_1_MILK,5.0,9.0,45.0,Digital Wallet,Online,2022-03-07,False
TXN_8223973,CUST_21,Electric household essentials,Item_2_EHE,6.5,6.0,39.0,Cash,In-store,2024-12-11,False
TXN_9631559,CUST_04,Butchers,Item_2_BUT,6.5,8.0,52.0,Digital Wallet,Online,2022-07-12,
TXN_4470830,CUST_24,Milk Products,Item_2_MILK,6.5,3.0,19.5,Credit Card,In-store,2022-12-31,
TXN_8596049,CUST_05,Butchers,Item_20_BUT,33.5,9.0,301.5,Credit Card,In-store,2024-04-18,False
TXN_8566964,CUST_15,Patisserie,Item_8_PAT,15.5,7.0,108.5,Cash,Online,2022-08-30,False
TXN_8333599,CUST_09,Furniture,Item_20_FUR,33.5,7.0,234.5,Cash,Online,2024-06-15,True
TXN_4215624,CUST_14,Food,Item_24_FOOD,39.5,7.0,276.5,Cash,Online,2024-02-28,False
TXN_4787913,CUST_03,Furniture,Item_20_FUR,33.5,10.0,335.0,Cash,In-store,2023-08-09,True
TXN_3767880,CUST_22,Milk Products,Item_12_MILK,21.5,1.0,21.5,Digital Wallet,In-store,2022-09-24,
TXN_8776539,CUST_03,Patisserie,Item_11_PAT,20.0,9.0,180.0,Digital Wallet,Online,2024-09-27,True
TXN_8236215,CUST_24,Furniture,Item_25_FUR,41.0,1.0,41.0,Cash,In-store,2024-07-13,False
TXN_8178931,CUST_02,Food,Item_14_FOOD,24.5,4.0,98.0,Digital Wallet,In-store,2022-10-14,True
TXN_1833505,CUST_23,Computers and electric accessories,Item_15_CEA,26.0,5.0,130.0,Cash,Online,2022-12-27,
TXN_3438683,CUST_01,Furniture,Item_20_FUR,33.5,6.0,201.0,Credit Card,Online,2024-12-14,False
TXN_5585168,CUST_09,Furniture,Item_2_FUR,6.5,2.0,13.0,Credit Card,In-store,2025-01-07,True
TXN_6553703,CUST_23,Food,Item_9_FOOD,17.0,7.0,119.0,Digital Wallet,Online,2024-05-22,
TXN_7128744,CUST_04,Patisserie,Item_1_PAT,5.0,3.0,15.0,Digital Wallet,Online,2022-05-27,
TXN_9884963,CUST_19,Furniture,Item_11_FUR,20.0,3.0,60.0,Digital Wallet,In-store,2024-04-13,
TXN_2040809,CUST_08,Butchers,Item_22_BUT,36.5,10.0,365.0,Credit Card,In-store,2024-05-23,True
TXN_1101297,CUST_15,Milk Products,Item_7_MILK,14.0,2.0,28.0,Cash,Online,2022-03-24,False
TXN_8589807,CUST_21,Patisserie,,6.5,,,Digital Wallet,Online,2022-09-09,
TXN_1980623,CUST_05,Food,Item_10_FOOD,18.5,3.0,55.5,Digital Wallet,In-store,2022-02-28,True
TXN_4679750,CUST_10,Computers and electric accessories,Item_20_CEA,33.5,8.0,268.0,Credit Card,In-store,2023-04-30,
TXN_9040250,CUST_01,Patisserie,Item_13_PAT,23.0,6.0,138.0,Credit Card,In-store,2022-02-18,True
TXN_7893709,CUST_21,Milk Products,Item_15_MILK,26.0,10.0,260.0,Digital Wallet,Online,2024-01-25,True
TXN_7675282,CUST_22,Electric household essentials,,26.0,,,Digital Wallet,In-store,2024-03-05,
TXN_7224530,CUST_08,Computers and electric accessories,Item_17_CEA,29.0,3.0,87.0,Credit Card,Online,2024-06-30,True
TXN_4042022,CUST_18,Computers and electric accessories,Item_5_CEA,11.0,4.0,44.0,Credit Card,Online,2022-03-12,False
TXN_4904210,CUST_09,Furniture,Item_21_FUR,35.0,2.0,70.0,Digital Wallet,Online,2022-05-23,
TXN_4383900,CUST_23,Food,,,1.0,41.0,Cash,Online,2024-07-23,True
TXN_4956708,CUST_06,Patisserie,Item_11_PAT,20.0,5.0,100.0,Cash,In-store,2023-11-17,
TXN_2326364,CUST_06,Electric household essentials,Item_23_EHE,38.0,4.0,152.0,Cash,Online,2022-03-08,
TXN_4375011,CUST_19,Butchers,,9.5,,,Credit Card,In-store,2022-01-16,
TXN_3623366,CUST_06,Beverages,Item_12_BEV,21.5,1.0,21.5,Digital Wallet,In-store,2025-01-05,True
TXN_4250432,CUST_15,Furniture,Item_8_FUR,15.5,3.0,46.5,Cash,Online,2023-11-01,True
TXN_5186140,CUST_13,Food,Item_18_FOOD,30.5,6.0,183.0,Cash,Online,2023-07-04,False
TXN_9171042,CUST_16,Beverages,Item_23_BEV,38.0,7.0,266.0,Digital Wallet,In-store,2024-05-10,True
TXN_3946745,CUST_06,Milk Products,Item_23_MILK,38.0,2.0,76.0,Credit Card,In-store,2023-11-01,
TXN_2856597,CUST_13,Beverages,Item_11_BEV,20.0,6.0,120.0,Cash,In-store,2023-12-25,True
TXN_4923822,CUST_19,Beverages,Item_7_BEV,14.0,3.0,42.0,Cash,Online,2023-12-21,
TXN_7110900,CUST_01,Electric household essentials,Item_20_EHE,33.5,1.0,33.5,Digital Wallet,In-store,2022-10-15,True
TXN_5002974,CUST_09,Butchers,Item_3_BUT,8.0,2.0,16.0,Digital Wallet,Online,2024-06-27,
TXN_2589028,CUST_16,Computers and electric accessories,,,2.0,76.0,Digital Wallet,Online,2022-06-05,True
TXN_9205887,CUST_20,Computers and electric accessories,Item_16_CEA,27.5,1.0,27.5,Cash,In-store,2024-02-14,False
TXN_8352203,CUST_24,Milk Products,Item_23_MILK,38.0,1.0,38.0,Credit Card,In-store,2022-08-04,False
TXN_9171196,CUST_05,Food,Item_9_FOOD,17.0,7.0,119.0,Credit Card,Online,2023-05-22,True
TXN_3646004,CUST_18,Beverages,Item_8_BEV,15.5,1.0,15.5,Cash,Online,2024-07-16,True
TXN_4459275,CUST_25,Milk Products,Item_23_MILK,38.0,1.0,38.0,Digital Wallet,In-store,2024-01-23,
TXN_1575064,CUST_06,Beverages,Item_25_BEV,41.0,6.0,246.0,Digital Wallet,Online,2022-12-30,
TXN_2785640,CUST_21,Milk Products,Item_3_MILK,8.0,10.0,80.0,Cash,Online,2023-02-21,
TXN_6237983,CUST_18,Butchers,Item_16_BUT,27.5,6.0,165.0,Cash,Online,2022-05-30,False
TXN_7056612,CUST_19,Computers and electric accessories,Item_15_CEA,26.0,10.0,260.0,Digital Wallet,In-store,2023-01-22,
TXN_9576418,CUST_15,Beverages,Item_11_BEV,20.0,8.0,160.0,Credit Card,Online,2022-07-14,True
TXN_8136862,CUST_25,Butchers,Item_20_BUT,33.5,3.0,100.5,Digital Wallet,Online,2024-05-04,True
TXN_5319218,CUST_11,Computers and electric accessories,Item_4_CEA,9.5,2.0,19.0,Credit Card,Online,2023-02-27,
TXN_3347015,CUST_24,Furniture,,,7.0,266.0,Credit Card,Online,2024-08-25,False
TXN_2035086,CUST_17,Furniture,Item_5_FUR,11.0,10.0,110.0,Credit Card,Online,2022-06-12,
TXN_5012129,CUST_13,Electric household essentials,,12.5,,,Cash,Online,2024-12-04,
TXN_4599772,CUST_13,Computers and electric accessories,Item_15_CEA,26.0,10.0,260.0,Cash,In-store,2022-05-04,False
TXN_1311744,CUST_24,Food,Item_3_FOOD,8.0,1.0,8.0,Digital Wallet,Online,2022-06-22,False
TXN_7267517,CUST_17,Beverages,Item_17_BEV,29.0,7.0,203.0,Credit Card,Online,2024-11-15,True
TXN_4937757,CUST_11,Milk Products,Item_7_MILK,14.0,6.0,84.0,Cash,Online,2024-05-27,True
TXN_3319640,CUST_05,Furniture,Item_14_FUR,24.5,10.0,245.0,Cash,In-store,2024-12-12,False
TXN_2099825,CUST_05,Patisserie,Item_18_PAT,30.5,7.0,213.5,Credit Card,Online,2024-12-11,False
TXN_9707152,CUST_18,Electric household essentials,Item_17_EHE,29.0,6.0,174.0,Credit Card,In-store,2023-02-07,True
TXN_4413400,CUST_25,Food,Item_25_FOOD,41.0,8.0,328.0,Digital Wallet,Online,2023-08-31,
TXN_4990030,CUST_11,Food,Item_5_FOOD,11.0,9.0,99.0,Cash,In-store,2022-10-10,
TXN_3553497,CUST_05,Beverages,Item_8_BEV,15.5,9.0,139.5,Digital Wallet,In-store,2023-04-28,False
TXN_5870405,CUST_18,Electric household essentials,Item_9_EHE,17.0,7.0,119.0,Digital Wallet,Online,2022-12-17,True
TXN_4118617,CUST_25,Milk Products,Item_16_MILK,27.5,7.0,192.5,Credit Card,Online,2024-11-14,
TXN_3898046,CUST_15,Electric household essentials,Item_15_EHE,26.0,8.0,208.0,Credit Card,Online,2022-09-23,
TXN_8005657,CUST_19,Beverages,Item_16_BEV,27.5,8.0,220.0,Digital Wallet,In-store,2022-11-27,True
TXN_1379436,CUST_23,Furniture,Item_6_FUR,12.5,9.0,112.5,Digital Wallet,Online,2025-01-03,
TXN_3951413,CUST_04,Milk Products,Item_20_MILK,33.5,6.0,201.0,Digital Wallet,In-store,2024-10-20,True
TXN_7943662,CUST_08,Beverages,Item_25_BEV,41.0,8.0,328.0,Digital Wallet,Online,2024-06-20,True
TXN_5941171,CUST_21,Furniture,Item_6_FUR,12.5,2.0,25.0,Cash,Online,2023-12-05,
TXN_5621564,CUST_09,Food,Item_19_FOOD,32.0,1.0,32.0,Cash,In-store,2023-03-04,False
TXN_5224584,CUST_01,Beverages,Item_12_BEV,21.5,3.0,64.5,Digital Wallet,In-store,2022-06-23,False
TXN_7239576,CUST_18,Food,Item_3_FOOD,8.0,6.0,48.0,Credit Card,In-store,2023-09-11,True
TXN_8416846,CUST_15,Beverages,,27.5,,,Cash,Online,2024-05-28,False
TXN_7486067,CUST_19,Computers and electric accessories,Item_19_CEA,32.0,5.0,160.0,Credit Card,Online,2024-09-12,
TXN_8773638,CUST_12,Butchers,Item_7_BUT,14.0,4.0,56.0,Digital Wallet,Online,2024-11-14,
TXN_9072239,CUST_01,Butchers,Item_12_BUT,21.5,6.0,129.0,Digital Wallet,In-store,2022-10-09,False
TXN_6590458,CUST_21,Beverages,,,2.0,16.0,Cash,In-store,2024-01-29,True
TXN_4407882,CUST_05,Patisserie,Item_3_PAT,8.0,6.0,48.0,Credit Card,Online,2022-01-12,
TXN_9960444,CUST_05,Beverages,Item_19_BEV,32.0,2.0,64.0,Credit Card,In-store,2024-03-11,False
TXN_6209928,CUST_05,Beverages,Item_7_BEV,14.0,10.0,140.0,Cash,In-store,2023-10-03,
TXN_7027151,CUST_05,Food,Item_18_FOOD,30.5,5.0,152.5,Digital Wallet,Online,2024-08-10,False
TXN_8069182,CUST_25,Computers and electric accessories,Item_5_CEA,11.0,7.0,77.0,Cash,In-store,2023-07-12,
TXN_1150006,CUST_01,Furniture,Item_16_FUR,27.5,5.0,137.5,Digital Wallet,Online,2024-10-03,True
TXN_6904028,CUST_08,Butchers,Item_20_BUT,33.5,10.0,335.0,Cash,Online,2022-01-31,False
TXN_9257483,CUST_14,Patisserie,Item_9_PAT,17.0,7.0,119.0,Credit Card,In-store,2023-01-25,False
TXN_5188226,CUST_05,Milk Products,Item_17_MILK,29.0,7.0,203.0,Digital Wallet,In-store,2022-09-09,
TXN_2434339,CUST_01,Beverages,,,9.0,180.0,Credit Card,Online,2022-05-19,
TXN_1792802,CUST_02,Furniture,Item_1_FUR,5.0,6.0,30.0,Credit Card,In-store,2023-06-20,True
TXN_6189337,CUST_04,Milk Products,Item_18_MILK,30.5,5.0,152.5,Cash,In-store,2023-11-13,
TXN_6442602,CUST_11,Computers and electric accessories,Item_5_CEA,11.0,4.0,44.0,Cash,In-store,2023-12-22,False
TXN_1350230,CUST_15,Butchers,Item_15_BUT,26.0,4.0,104.0,Cash,Online,2022-11-18,False
TXN_6562034,CUST_16,Food,Item_25_FOOD,41.0,4.0,164.0,Cash,Online,2023-02-08,True
TXN_4581067,CUST_17,Milk Products,Item_14_MILK,24.5,9.0,220.5,Credit Card,In-store,2022-06-04,True
TXN_5518537,CUST_19,Food,,,1.0,11.0,Cash,In-store,2023-02-08,
TXN_8385569,CUST_11,Beverages,Item_3_BEV,8.0,1.0,8.0,Digital Wallet,Online,2023-04-13,False
TXN_1625647,CUST_22,Computers and electric accessories,Item_3_CEA,8.0,3.0,24.0,Digital Wallet,In-store,2024-01-23,True
TXN_6257905,CUST_19,Furniture,Item_24_FUR,39.5,5.0,197.5,Cash,In-store,2024-08-29,False
TXN_3610195,CUST_06,Patisserie,Item_20_PAT,33.5,2.0,67.0,Credit Card,Online,2022-09-09,
TXN_3599576,CUST_15,Furniture,Item_21_FUR,35.0,6.0,210.0,Digital Wallet,Online,2024-06-05,
TXN_2528313,CUST_07,Food,Item_25_FOOD,41.0,4.0,164.0,Credit Card,In-store,2022-06-12,False
TXN_5805909,CUST_09,Furniture,Item_23_FUR,38.0,8.0,304.0,Credit Card,In-store,2024-06-02,
TXN_1410689,CUST_18,Electric household essentials,Item_6_EHE,12.5,4.0,50.0,Cash,In-store,2024-12-09,True
TXN_4169126,CUST_21,Furniture,Item_12_FUR,21.5,5.0,107.5,Cash,Online,2024-06-10,
TXN_4254009,CUST_13,Patisserie,Item_15_PAT,26.0,7.0,182.0,Cash,Online,2024-05-18,
TXN_4673425,CUST_21,Patisserie,Item_24_PAT,39.5,9.0,355.5,Credit Card,Online,2022-01-26,True
TXN_7562077,CUST_04,Computers and electric accessories,Item_2_CEA,6.5,7.0,45.5,Cash,Online,2023-08-16,False
TXN_3108791,CUST_06,Furniture,Item_15_FUR,26.0,10.0,260.0,Cash,In-store,2022-02-13,False
TXN_5264491,CUST_25,Food,Item_13_FOOD,23.0,6.0,138.0,Digital Wallet,In-store,2023-10-22,False
TXN_6689339,CUST_23,Electric household essentials,Item_16_EHE,27.5,7.0,192.5,Cash,In-store,2023-07-04,True
TXN_1324813,CUST_09,Computers and electric accessories,Item_8_CEA,15.5,8.0,124.0,Digital Wallet,Online,2023-09-22,False
TXN_6315677,CUST_18,Food,Item_17_FOOD,29.0,4.0,116.0,Digital Wallet,In-store,2024-05-22,
TXN_1741913,CUST_03,Computers and electric accessories,Item_7_CEA,14.0,3.0,42.0,Credit Card,In-store,2022-12-11,False
TXN_2208547,CUST_05,Beverages,Item_25_BEV,41.0,10.0,410.0,Credit Card,Online,2022-02-23,True
TXN_9820980,CUST_16,Food,Item_17_FOOD,29.0,1.0,29.0,Cash,In-store,2024-09-20,False
TXN_2226385,CUST_20,Butchers,Item_1_BUT,5.0,4.0,20.0,Credit Card,In-store,2023-06-08,True
TXN_7676502,CUST_08,Food,Item_5_FOOD,11.0,2.0,22.0,Digital Wallet,In-store,2024-03-26,False
TXN_5453940,CUST_25,Furniture,Item_6_FUR,12.5,7.0,87.5,Digital Wallet,Online,2023-03-30,False
TXN_4993995,CUST_11,Furniture,Item_17_FUR,29.0,4.0,116.0,Credit Card,Online,2023-06-12,
TXN_2439149,CUST_03,Patisserie,Item_4_PAT,9.5,4.0,38.0,Credit Card,Online,2023-11-04,True
TXN_5769565,CUST_11,Butchers,Item_24_BUT,39.5,7.0,276.5,Cash,In-store,2022-05-12,
TXN_4620709,CUST_22,Milk Products,Item_19_MILK,32.0,7.0,224.0,Cash,In-store,2022-04-12,True
TXN_8792621,CUST_19,Patisserie,Item_16_PAT,27.5,5.0,137.5,Credit Card,In-store,2024-09-28,False
TXN_9676576,CUST_25,Furniture,,20.0,,,Digital Wallet,In-store,2023-06-27,
TXN_6789123,CUST_10,Computers and electric accessories,Item_20_CEA,33.5,6.0,201.0,Cash,Online,2023-08-10,True
TXN_5552232,CUST_02,Electric household essentials,Item_10_EHE,18.5,10.0,185.0,Cash,In-store,2023-05-14,False
TXN_6924343,CUST_11,Beverages,Item_1_BEV,5.0,4.0,20.0,Cash,Online,2023-03-11,True
TXN_5544368,CUST_20,Beverages,Item_2_BEV,6.5,4.0,26.0,Digital Wallet,Online,2022-12-09,
TXN_2112426,CUST_13,Patisserie,Item_25_PAT,41.0,3.0,123.0,Credit Card,Online,2024-11-25,True
TXN_9165480,CUST_15,Milk Products,Item_1_MILK,5.0,3.0,15.0,Cash,In-store,2023-05-18,False
TXN_7270567,CUST_13,Furniture,Item_6_FUR,12.5,3.0,37.5,Digital Wallet,In-store,2023-10-09,
TXN_1292523,CUST_20,Food,Item_5_FOOD,11.0,8.0,88.0,Credit Card,In-store,2023-09-13,
TXN_6425374,CUST_04,Furniture,Item_20_FUR,33.5,2.0,67.0,Cash,In-store,2023-08-04,
TXN_2829458,CUST_21,Milk Products,Item_22_MILK,36.5,5.0,182.5,Digital Wallet,In-store,2024-03-25,True
TXN_2918886,CUST_07,Electric household essentials,Item_13_EHE,23.0,1.0,23.0,Credit Card,Online,2022-07-11,False
TXN_1369755,CUST_21,Computers and electric accessories,Item_2_CEA,6.5,5.0,32.5,Cash,In-store,2023-06-16,True
TXN_1239531,CUST_08,Beverages,Item_22_BEV,36.5,10.0,365.0,Cash,In-store,2023-02-18,
TXN_3674474,CUST_05,Computers and electric accessories,Item_19_CEA,32.0,9.0,288.0,Cash,Online,2023-04-27,
TXN_6416009,CUST_22,Patisserie,Item_2_PAT,6.5,4.0,26.0,Credit Card,In-store,2023-01-13,
TXN_9344795,CUST_12,Milk Products,Item_7_MILK,14.0,1.0,14.0,Cash,In-store,2024-10-20,True
TXN_7619486,CUST_16,Butchers,Item_22_BUT,36.5,1.0,36.5,Cash,Online,2024-10-23,
TXN_3559481,CUST_08,Beverages,Item_11_BEV,20.0,8.0,160.0,Digital Wallet,In-store,2023-01-10,
TXN_1266241,CUST_25,Furniture,Item_24_FUR,39.5,2.0,79.0,Digital Wallet,In-store,2022-01-06,True
TXN_2665313,CUST_21,Electric household essentials,Item_15_EHE,26.0,10.0,260.0,Credit Card,Online,2023-09-19,True
TXN_4750878,CUST_24,Electric household essentials,Item_12_EHE,21.5,4.0,86.0,Cash,Online,2023-11-23,True
TXN_5567367,CUST_15,Food,Item_18_FOOD,30.5,3.0,91.5,Cash,In-store,2022-12-18,
TXN_3729060,CUST_07,Patisserie,,,6.0,228.0,Digital Wallet,Online,2022-07-20,
TXN_7992317,CUST_08,Computers and electric accessories,Item_6_CEA,12.5,10.0,125.0,Cash,In-store,2022-04-05,
TXN_3909621,CUST_15,Patisserie,Item_21_PAT,35.0,5.0,175.0,Credit Card,Online,2022-11-27,False
TXN_3384905,CUST_19,Beverages,Item_8_BEV,15.5,2.0,31.0,Credit Card,Online,2023-12-28,True
TXN_2733288,CUST_15,Furniture,Item_23_FUR,38.0,7.0,266.0,Digital Wallet,Online,2023-10-15,False
TXN_8861404,CUST_05,Computers and electric accessories,Item_12_CEA,21.5,4.0,86.0,Credit Card,Online,2023-11-01,
TXN_7474047,CUST_14,Patisserie,Item_17_PAT,29.0,9.0,261.0,Digital Wallet,Online,2022-02-10,True
TXN_2622994,CUST_20,Computers and electric accessories,Item_18_CEA,30.5,6.0,183.0,Digital Wallet,Online,2023-12-03,
TXN_5861014,CUST_21,Patisserie,Item_17_PAT,29.0,4.0,116.0,Credit Card,In-store,2024-03-21,True
TXN_9459891,CUST_05,Electric household essentials,Item_25_EHE,41.0,2.0,82.0,Digital Wallet,Online,2024-09-06,
TXN_1404623,CUST_01,Electric household essentials,Item_9_EHE,17.0,10.0,170.0,Digital Wallet,In-store,2024-05-03,False
TXN_5517386,CUST_13,Patisserie,Item_4_PAT,9.5,2.0,19.0,Digital Wallet,In-store,2023-04-23,
TXN_1649045,CUST_21,Computers and electric accessories,,21.5,,,Credit Card,Online,2023-01-18,
TXN_2713028,CUST_20,Computers and electric accessories,Item_23_CEA,38.0,3.0,114.0,Digital Wallet,Online,2024-05-22,True
TXN_7106178,CUST_21,Butchers,Item_21_BUT,35.0,10.0,350.0,Credit Card,In-store,2024-05-04,
TXN_8697234,CUST_05,Furniture,Item_8_FUR,15.5,4.0,62.0,Cash,Online,2023-02-27,False
TXN_3080253,CUST_23,Butchers,Item_13_BUT,23.0,4.0,92.0,Credit Card,In-store,2023-03-14,False
TXN_7766945,CUST_18,Electric household essentials,Item_3_EHE,8.0,8.0,64.0,Digital Wallet,In-store,2023-10-31,
TXN_5422440,CUST_19,Furniture,Item_20_FUR,33.5,5.0,167.5,Cash,In-store,2023-04-03,False
TXN_9114087,CUST_15,Computers and electric accessories,Item_2_CEA,6.5,7.0,45.5,Digital Wallet,Online,2024-02-24,True
TXN_7178094,CUST_10,Computers and electric accessories,Item_13_CEA,23.0,2.0,46.0,Cash,In-store,2024-09-25,
TXN_1107383,CUST_15,Milk Products,Item_3_MILK,8.0,6.0,48.0,Cash,In-store,2022-03-24,True
TXN_3836435,CUST_09,Electric household essentials,Item_17_EHE,29.0,10.0,290.0,Credit Card,Online,2023-12-23,
TXN_5628115,CUST_08,Milk Products,Item_23_MILK,38.0,2.0,76.0,Digital Wallet,Online,2023-08-13,True
TXN_3122781,CUST_09,Butchers,,,7.0,108.5,Digital Wallet,In-store,2023-07-21,
TXN_7148957,CUST_05,Food,Item_20_FOOD,33.5,8.0,268.0,Credit Card,Online,2023-08-01,True
TXN_4501679,CUST_04,Beverages,Item_14_BEV,24.5,1.0,24.5,Digital Wallet,In-store,2024-05-08,True
TXN_7779073,CUST_18,Electric household essentials,Item_20_EHE,33.5,10.0,335.0,Credit Card,Online,2022-02-13,True
TXN_2575540,CUST_17,Food,Item_13_FOOD,23.0,4.0,92.0,Credit Card,Online,2024-07-19,True
TXN_5302358,CUST_06,Electric household essentials,Item_13_EHE,23.0,6.0,138.0,Digital Wallet,Online,2024-10-31,False
TXN_9653552,CUST_12,Butchers,Item_16_BUT,27.5,8.0,220.0,Cash,In-store,2023-08-27,False
TXN_9686128,CUST_05,Computers and electric accessories,Item_10_CEA,18.5,4.0,74.0,Digital Wallet,Online,2023-10-23,False
TXN_5017877,CUST_02,Electric household essentials,Item_5_EHE,11.0,1.0,11.0,Cash,Online,2023-01-21,True
TXN_4899415,CUST_18,Patisserie,Item_11_PAT,20.0,3.0,60.0,Cash,Online,2022-11-14,True
TXN_4859554,CUST_16,Furniture,Item_23_FUR,38.0,10.0,380.0,Credit Card,In-store,2023-11-14,True
TXN_4513855,CUST_14,Electric household essentials,Item_19_EHE,32.0,3.0,96.0,Digital Wallet,In-store,2023-12-10,
TXN_6037665,CUST_24,Patisserie,Item_16_PAT,27.5,6.0,165.0,Digital Wallet,Online,2024-03-11,
TXN_3224114,CUST_07,Butchers,Item_5_BUT,11.0,2.0,22.0,Cash,In-store,2022-05-04,
TXN_4589284,CUST_07,Beverages,Item_14_BEV,24.5,1.0,24.5,Credit Card,Online,2022-07-12,
TXN_8040308,CUST_03,Patisserie,Item_15_PAT,26.0,4.0,104.0,Digital Wallet,In-store,2023-11-03,True
TXN_3768573,CUST_01,Butchers,Item_5_BUT,11.0,8.0,88.0,Digital Wallet,In-store,2022-06-03,
TXN_8359482,CUST_22,Beverages,Item_8_BEV,15.5,3.0,46.5,Digital Wallet,Online,2022-01-06,False
TXN_3157398,CUST_23,Butchers,Item_23_BUT,38.0,1.0,38.0,Credit Card,In-store,2024-12-06,
TXN_6405900,CUST_16,Butchers,Item_21_BUT,35.0,6.0,210.0,Credit Card,Online,2024-09-10,True
TXN_7917866,CUST_01,Milk Products,Item_11_MILK,20.0,4.0,80.0,Cash,Online,2023-08-04,
TXN_6379297,CUST_19,Butchers,Item_3_BUT,8.0,9.0,72.0,Cash,Online,2022-05-19,
TXN_7174674,CUST_21,Patisserie,Item_19_PAT,32.0,4.0,128.0,Credit Card,Online,2022-10-03,
TXN_1223079,CUST_06,Patisserie,Item_16_PAT,27.5,4.0,110.0,Credit Card,In-store,2024-08-06,
TXN_1551058,CUST_14,Food,,33.5,,,Cash,Online,2022-03-16,False
TXN_9245240,CUST_03,Computers and electric accessories,Item_1_CEA,5.0,2.0,10.0,Credit Card,In-store,2024-08-24,True
TXN_6969962,CUST_20,Electric household essentials,Item_17_EHE,29.0,10.0,290.0,Credit Card,In-store,2022-01-06,
TXN_7101068,CUST_21,Food,Item_5_FOOD,11.0,10.0,110.0,Cash,Online,2022-08-13,True
TXN_9326253,CUST_25,Computers and electric accessories,Item_11_CEA,20.0,5.0,100.0,Cash,In-store,2024-09-29,
TXN_9654613,CUST_10,Food,Item_9_FOOD,17.0,8.0,136.0,Credit Card,In-store,2022-10-23,
TXN_2287146,CUST_03,Electric household essentials,Item_19_EHE,32.0,10.0,320.0,Digital Wallet,Online,2022-06-10,
TXN_7978734,CUST_23,Beverages,Item_3_BEV,8.0,10.0,80.0,Digital Wallet,Online,2024-01-10,False
TXN_8637763,CUST_23,Beverages,Item_3_BEV,8.0,8.0,64.0,Credit Card,In-store,2024-07-03,
TXN_9117114,CUST_13,Food,Item_13_FOOD,23.0,2.0,46.0,Cash,In-store,2024-01-05,True
TXN_5612697,CUST_22,Computers and electric accessories,Item_14_CEA,24.5,3.0,73.5,Credit Card,Online,2022-10-01,True
TXN_9047932,CUST_08,Butchers,Item_6_BUT,12.5,10.0,125.0,Cash,Online,2022-02-02,True
TXN_7134955,CUST_19,Butchers,Item_13_BUT,23.0,5.0,115.0,Digital Wallet,In-store,2024-01-26,
TXN_7198271,CUST_03,Furniture,Item_6_FUR,12.5,1.0,12.5,Credit Card,In-store,2023-06-24,True
TXN_3929069,CUST_19,Butchers,Item_17_BUT,29.0,6.0,174.0,Credit Card,In-store,2023-10-07,
TXN_5318952,CUST_11,Food,Item_18_FOOD,30.5,1.0,30.5,Cash,Online,2025-01-12,False
TXN_4451027,CUST_04,Electric household essentials,Item_17_EHE,29.0,6.0,174.0,Credit Card,In-store,2022-10-29,True
TXN_7390310,CUST_23,Computers and electric accessories,Item_22_CEA,36.5,2.0,73.0,Credit Card,In-store,2023-11-19,False
TXN_9290596,CUST_06,Beverages,Item_24_BEV,39.5,8.0,316.0,Digital Wallet,In-store,2024-11-06,False
TXN_1636017,CUST_02,Butchers,Item_12_BUT,21.5,5.0,107.5,Digital Wallet,Online,2022-02-01,True
TXN_5796004,CUST_21,Patisserie,Item_17_PAT,29.0,6.0,174.0,Digital Wallet,Online,2022-05-06,False
TXN_7256566,CUST_25,Patisserie,Item_14_PAT,24.5,9.0,220.5,Credit Card,In-store,2024-12-24,
TXN_1059221,CUST_17,Patisserie,Item_16_PAT,27.5,2.0,55.0,Cash,In-store,2022-09-11,True
TXN_8805699,CUST_16,Milk Products,Item_19_MILK,32.0,9.0,288.0,Cash,In-store,2022-04-23,
TXN_8924913,CUST_19,Butchers,Item_22_BUT,36.5,3.0,109.5,Credit Card,Online,2023-07-17,True
TXN_9061738,CUST_14,Milk Products,Item_2_MILK,6.5,6.0,39.0,Cash,Online,2023-06-02,True
TXN_3516710,CUST_11,Computers and electric accessories,Item_11_CEA,20.0,5.0,100.0,Cash,In-store,2024-06-26,
TXN_5878503,CUST_21,Beverages,Item_8_BEV,15.5,7.0,108.5,Digital Wallet,Online,2024-06-07,False
TXN_2173693,CUST_23,Food,Item_20_FOOD,33.5,8.0,268.0,Digital Wallet,In-store,2024-10-28,
TXN_5171428,CUST_08,Milk Products,Item_10_MILK,18.5,5.0,92.5,Credit Card,Online,2022-01-08,True
TXN_8662127,CUST_11,Food,Item_25_FOOD,41.0,4.0,164.0,Digital Wallet,In-store,2024-03-18,True
TXN_4712234,CUST_24,Food,Item_25_FOOD,41.0,8.0,328.0,Credit Card,Online,2023-07-01,
TXN_6421767,CUST_01,Food,Item_11_FOOD,20.0,6.0,120.0,Credit Card,Online,2022-04-06,False
TXN_5980130,CUST_22,Butchers,Item_4_BUT,9.5,3.0,28.5,Digital Wallet,In-store,2022-11-07,True
TXN_3131758,CUST_19,Computers and electric accessories,Item_19_CEA,32.0,1.0,32.0,Cash,In-store,2024-03-25,
TXN_6283940,CUST_01,Food,Item_7_FOOD,14.0,1.0,14.0,Credit Card,In-store,2022-09-21,True
TXN_4640794,CUST_25,Milk Products,Item_10_MILK,18.5,5.0,92.5,Digital Wallet,Online,2023-01-18,True
TXN_1227978,CUST_03,Beverages,Item_25_BEV,41.0,10.0,410.0,Digital Wallet,In-store,2024-01-17,
TXN_9763661,CUST_23,Patisserie,Item_8_PAT,15.5,4.0,62.0,Credit Card,In-store,2022-06-21,
TXN_4489205,CUST_02,Furniture,Item_11_FUR,20.0,8.0,160.0,Credit Card,In-store,2022-08-01,
TXN_4118493,CUST_24,Patisserie,,39.5,,,Credit Card,In-store,2022-07-14,False
TXN_5872134,CUST_13,Patisserie,Item_19_PAT,32.0,8.0,256.0,Credit Card,Online,2023-05-29,False
TXN_6493139,CUST_06,Butchers,,41.0,,,Credit Card,In-store,2024-08-22,False
TXN_1745042,CUST_17,Butchers,Item_22_BUT,36.5,4.0,146.0,Digital Wallet,In-store,2022-10-13,
TXN_3811015,CUST_24,Patisserie,,33.5,,,Cash,Online,2022-02-04,False
TXN_9605479,CUST_02,Electric household essentials,Item_22_EHE,36.5,10.0,365.0,Credit Card,In-store,2024-01-13,
TXN_2630677,CUST_05,Patisserie,Item_10_PAT,18.5,5.0,92.5,Cash,In-store,2022-04-27,True
TXN_6640306,CUST_08,Electric household essentials,Item_22_EHE,36.5,4.0,146.0,Digital Wallet,In-store,2023-04-05,False
TXN_5240246,CUST_24,Butchers,Item_3_BUT,8.0,4.0,32.0,Cash,Online,2022-09-22,True
TXN_8737677,CUST_24,Butchers,,30.5,,,Cash,In-store,2024-12-06,False
TXN_5701666,CUST_14,Electric household essentials,Item_22_EHE,36.5,4.0,146.0,Cash,Online,2023-09-27,True
TXN_1962372,CUST_21,Patisserie,Item_25_PAT,41.0,2.0,82.0,Digital Wallet,In-store,2023-07-25,True
TXN_2899427,CUST_14,Butchers,Item_11_BUT,20.0,1.0,20.0,Cash,In-store,2023-04-01,
TXN_4124069,CUST_25,Furniture,Item_23_FUR,38.0,5.0,190.0,Credit Card,Online,2023-10-09,
TXN_8160068,CUST_08,Milk Products,Item_6_MILK,12.5,9.0,112.5,Credit Card,Online,2023-03-30,True
TXN_8984987,CUST_18,Furniture,Item_2_FUR,6.5,9.0,58.5,Digital Wallet,Online,2022-04-23,
TXN_1489896,CUST_24,Electric household essentials,Item_18_EHE,30.5,3.0,91.5,Digital Wallet,In-store,2022-09-21,
TXN_2130078,CUST_05,Food,Item_11_FOOD,20.0,4.0,80.0,Credit Card,In-store,2022-10-21,False
TXN_1294411,CUST_04,Food,Item_17_FOOD,29.0,3.0,87.0,Digital Wallet,In-store,2023-09-21,False
TXN_6270217,CUST_17,Butchers,Item_5_BUT,11.0,7.0,77.0,Cash,In-store,2024-04-24,
TXN_7818602,CUST_19,Beverages,Item_11_BEV,20.0,4.0,80.0,Credit Card,Online,2023-10-26,True
TXN_8256175,CUST_07,Computers and electric accessories,Item_18_CEA,30.5,2.0,61.0,Credit Card,Online,2022-04-25,False
TXN_1613328,CUST_19,Furniture,Item_25_FUR,41.0,8.0,328.0,Cash,Online,2022-09-26,
TXN_6308409,CUST_03,Milk Products,Item_5_MILK,11.0,7.0,77.0,Credit Card,In-store,2023-05-12,
TXN_2810459,CUST_09,Computers and electric accessories,,,1.0,24.5,Cash,In-store,2022-04-19,
TXN_7108299,CUST_22,Furniture,Item_24_FUR,39.5,5.0,197.5,Credit Card,In-store,2022-09-17,True
TXN_6746068,CUST_14,Food,Item_13_FOOD,23.0,6.0,138.0,Digital Wallet,In-store,2022-02-13,True
TXN_9235754,CUST_10,Electric household essentials,Item_23_EHE,38.0,2.0,76.0,Digital Wallet,Online,2024-05-03,False
TXN_8504230,CUST_25,Milk Products,Item_4_MILK,9.5,5.0,47.5,Cash,Online,2024-11-01,False
TXN_1432445,CUST_01,Food,,,9.0,180.0,Cash,In-store,2023-08-01,
TXN_5512644,CUST_13,Electric household essentials,Item_1_EHE,5.0,1.0,5.0,Cash,In-store,2022-05-30,False
TXN_9422407,CUST_11,Food,Item_13_FOOD,23.0,10.0,230.0,Cash,Online,2023-01-10,
TXN_4240172,CUST_19,Butchers,Item_20_BUT,33.5,4.0,134.0,Credit Card,Online,2022-07-26,True
TXN_9704360,CUST_06,Electric household essentials,Item_15_EHE,26.0,10.0,260.0,Cash,Online,2024-08-31,
TXN_3433029,CUST_20,Electric household essentials,Item_15_EHE,26.0,3.0,78.0,Digital Wallet,Online,2025-01-16,
TXN_3985103,CUST_08,Food,Item_17_FOOD,29.0,2.0,58.0,Digital Wallet,Online,2022-12-27,True
TXN_5929291,CUST_16,Food,Item_18_FOOD,30.5,6.0,183.0,Credit Card,In-store,2022-05-12,
TXN_4520262,CUST_21,Beverages,Item_24_BEV,39.5,6.0,237.0,Cash,Online,2024-11-30,
TXN_9851864,CUST_12,Computers and electric accessories,Item_3_CEA,8.0,5.0,40.0,Digital Wallet,In-store,2024-12-01,
TXN_6828336,CUST_08,Food,Item_25_FOOD,41.0,8.0,328.0,Credit Card,Online,2023-09-07,
TXN_1460673,CUST_06,Furniture,Item_5_FUR,11.0,6.0,66.0,Credit Card,In-store,2023-04-14,False
TXN_2976114,CUST_10,Beverages,Item_2_BEV,6.5,7.0,45.5,Cash,In-store,2022-08-29,True
TXN_3813656,CUST_02,Beverages,,,1.0,27.5,Credit Card,In-store,2022-09-01,False
TXN_1882040,CUST_21,Food,Item_20_FOOD,33.5,7.0,234.5,Cash,Online,2022-09-08,False
TXN_3054684,CUST_06,Furniture,Item_21_FUR,35.0,8.0,280.0,Digital Wallet,In-store,2024-12-30,True
TXN_6726711,CUST_21,Milk Products,Item_23_MILK,38.0,4.0,152.0,Cash,In-store,2023-08-03,False
TXN_9677353,CUST_13,Furniture,Item_4_FUR,9.5,1.0,9.5,Credit Card,In-store,2023-02-05,
TXN_9190979,CUST_24,Electric household essentials,Item_25_EHE,41.0,6.0,246.0,Cash,In-store,2022-10-08,False
TXN_8445231,CUST_03,Food,Item_25_FOOD,41.0,7.0,287.0,Credit Card,In-store,2023-11-17,True
TXN_9577293,CUST_22,Electric household essentials,Item_18_EHE,30.5,5.0,152.5,Digital Wallet,Online,2023-03-04,False
TXN_9472197,CUST_23,Butchers,Item_11_BUT,20.0,6.0,120.0,Digital Wallet,In-store,2024-04-09,True
TXN_5960789,CUST_11,Computers and electric accessories,Item_5_CEA,11.0,3.0,33.0,Cash,Online,2022-09-28,True
TXN_4416629,CUST_01,Patisserie,Item_13_PAT,23.0,8.0,184.0,Credit Card,Online,2023-08-25,True
TXN_7558428,CUST_02,Patisserie,Item_7_PAT,14.0,7.0,98.0,Credit Card,Online,2023-04-02,False
TXN_3217988,CUST_25,Milk Products,Item_1_MILK,5.0,1.0,5.0,Digital Wallet,Online,2023-04-05,True
TXN_2239968,CUST_01,Butchers,Item_13_BUT,23.0,1.0,23.0,Cash,Online,2023-09-14,False
TXN_5642720,CUST_18,Furniture,Item_6_FUR,12.5,9.0,112.5,Cash,Online,2024-07-15,False
TXN_2513830,CUST_10,Electric household essentials,Item_17_EHE,29.0,9.0,261.0,Cash,In-store,2024-09-18,
TXN_9291336,CUST_19,Electric household essentials,,,10.0,380.0,Digital Wallet,In-store,2022-12-10,True
TXN_6865387,CUST_09,Computers and electric accessories,Item_3_CEA,8.0,8.0,64.0,Credit Card,Online,2022-12-07,True
TXN_9468973,CUST_05,Computers and electric accessories,Item_2_CEA,6.5,7.0,45.5,Digital Wallet,In-store,2023-03-21,True
TXN_6580606,CUST_16,Computers and electric accessories,Item_19_CEA,32.0,3.0,96.0,Credit Card,Online,2023-11-21,False
TXN_1153995,CUST_03,Electric household essentials,,23.0,,,Credit Card,In-store,2022-02-12,False
TXN_5035756,CUST_02,Computers and electric accessories,Item_10_CEA,18.5,7.0,129.5,Cash,Online,2022-03-02,True
TXN_4184687,CUST_23,Food,Item_6_FOOD,12.5,2.0,25.0,Digital Wallet,Online,2022-09-10,False
TXN_3794692,CUST_08,Computers and electric accessories,Item_10_CEA,18.5,3.0,55.5,Cash,In-store,2024-10-18,False
TXN_3247249,CUST_10,Milk Products,,,7.0,276.5,Digital Wallet,Online,2023-01-13,
TXN_7293443,CUST_16,Beverages,Item_13_BEV,23.0,8.0,184.0,Credit Card,In-store,2024-09-11,False
TXN_7369318,CUST_01,Beverages,Item_11_BEV,20.0,5.0,100.0,Credit Card,Online,2025-01-18,False
TXN_9402474,CUST_16,Milk Products,Item_22_MILK,36.5,7.0,255.5,Cash,Online,2023-09-15,
TXN_1510555,CUST_10,Computers and electric accessories,Item_4_CEA,9.5,6.0,57.0,Credit Card,In-store,2024-10-18,True
TXN_1005543,CUST_19,Food,,30.5,,,Cash,In-store,2022-12-03,True
TXN_1512224,CUST_21,Electric household essentials,Item_2_EHE,6.5,8.0,52.0,Digital Wallet,Online,2023-11-26,True
TXN_1170545,CUST_19,Electric household essentials,Item_8_EHE,15.5,4.0,62.0,Credit Card,Online,2023-11-27,True
TXN_7183634,CUST_08,Beverages,Item_3_BEV,8.0,5.0,40.0,Credit Card,In-store,2024-05-16,
TXN_8402938,CUST_24,Butchers,Item_12_BUT,21.5,4.0,86.0,Credit Card,Online,2022-07-29,True
TXN_3339094,CUST_13,Milk Products,Item_7_MILK,14.0,5.0,70.0,Credit Card,Online,2022-08-12,False
TXN_2055464,CUST_08,Electric household essentials,Item_6_EHE,12.5,1.0,12.5,Cash,Online,2024-07-18,
TXN_7052489,CUST_16,Milk Products,Item_11_MILK,20.0,7.0,140.0,Digital Wallet,In-store,2023-05-09,
TXN_1490052,CUST_18,Furniture,Item_24_FUR,39.5,2.0,79.0,Cash,In-store,2024-01-20,True
TXN_2308456,CUST_02,Furniture,Item_15_FUR,26.0,9.0,234.0,Cash,In-store,2023-08-13,False
TXN_4186609,CUST_22,Milk Products,Item_13_MILK,23.0,9.0,207.0,Digital Wallet,In-store,2023-09-09,False
TXN_5547862,CUST_24,Food,Item_11_FOOD,20.0,10.0,200.0,Digital Wallet,In-store,2022-07-16,False
TXN_2316809,CUST_02,Furniture,Item_5_FUR,11.0,7.0,77.0,Digital Wallet,In-store,2023-04-02,True
TXN_3377748,CUST_16,Electric household essentials,Item_8_EHE,15.5,4.0,62.0,Cash,In-store,2023-07-02,
TXN_5605094,CUST_07,Food,Item_14_FOOD,24.5,6.0,147.0,Credit Card,In-store,2024-04-01,False
TXN_1941756,CUST_13,Patisserie,Item_6_PAT,12.5,1.0,12.5,Digital Wallet,In-store,2023-06-29,True
TXN_2128482,CUST_19,Computers and electric accessories,Item_14_CEA,24.5,7.0,171.5,Credit Card,Online,2022-03-09,False
TXN_3961196,CUST_16,Patisserie,Item_4_PAT,9.5,4.0,38.0,Cash,In-store,2023-05-17,True
TXN_3147080,CUST_22,Butchers,Item_6_BUT,12.5,7.0,87.5,Digital Wallet,In-store,2024-12-11,False
TXN_5381153,CUST_09,Patisserie,Item_4_PAT,9.5,5.0,47.5,Digital Wallet,In-store,2023-11-05,
TXN_3369620,CUST_20,Computers and electric accessories,Item_11_CEA,20.0,5.0,100.0,Credit Card,Online,2024-10-01,False
TXN_2326554,CUST_18,Electric household essentials,Item_11_EHE,20.0,1.0,20.0,Credit Card,Online,2023-12-25,
TXN_5038677,CUST_23,Beverages,Item_7_BEV,14.0,1.0,14.0,Digital Wallet,In-store,2022-08-22,
TXN_5177579,CUST_14,Milk Products,Item_23_MILK,38.0,5.0,190.0,Digital Wallet,Online,2022-02-14,
TXN_1004091,CUST_04,Food,Item_25_FOOD,41.0,3.0,123.0,Cash,In-store,2023-11-09,False
TXN_6186202,CUST_14,Patisserie,,18.5,,,Digital Wallet,In-store,2023-02-25,
TXN_9385722,CUST_25,Food,Item_14_FOOD,24.5,10.0,245.0,Credit Card,In-store,2023-01-30,
TXN_3882897,CUST_14,Butchers,Item_17_BUT,29.0,9.0,261.0,Digital Wallet,Online,2024-04-12,False
TXN_4143543,CUST_15,Computers and electric accessories,Item_9_CEA,17.0,2.0,34.0,Digital Wallet,In-store,2022-03-21,False
TXN_5649444,CUST_08,Patisserie,Item_11_PAT,20.0,6.0,120.0,Cash,In-store,2023-10-15,
TXN_9754957,CUST_21,Computers and electric accessories,Item_19_CEA,32.0,2.0,64.0,Cash,Online,2024-07-20,False
TXN_6370101,CUST_10,Milk Products,Item_4_MILK,9.5,2.0,19.0,Digital Wallet,Online,2023-08-07,False
TXN_7927957,CUST_10,Beverages,Item_12_BEV,21.5,3.0,64.5,Cash,Online,2023-08-30,
TXN_1466235,CUST_18,Patisserie,Item_25_PAT,41.0,6.0,246.0,Cash,In-store,2022-12-25,True
TXN_5309800,CUST_16,Butchers,Item_22_BUT,36.5,4.0,146.0,Digital Wallet,Online,2022-10-18,False
TXN_2035106,CUST_20,Furniture,Item_2_FUR,6.5,10.0,65.0,Credit Card,In-store,2022-02-24,False
TXN_9220439,CUST_25,Patisserie,Item_15_PAT,26.0,4.0,104.0,Digital Wallet,Online,2023-12-12,
TXN_1791391,CUST_08,Food,Item_12_FOOD,21.5,9.0,193.5,Credit Card,Online,2023-02-10,
TXN_4005159,CUST_23,Butchers,,32.0,,,Cash,In-store,2023-07-09,
TXN_4146156,CUST_08,Milk Products,Item_3_MILK,8.0,2.0,16.0,Cash,In-store,2024-01-14,True
TXN_7110095,CUST_12,Patisserie,Item_23_PAT,38.0,5.0,190.0,Digital Wallet,Online,2023-05-02,
TXN_1532181,CUST_23,Patisserie,Item_10_PAT,18.5,2.0,37.0,Digital Wallet,In-store,2022-06-06,True
TXN_8704721,CUST_09,Beverages,Item_14_BEV,24.5,10.0,245.0,Cash,Online,2023-02-16,True
TXN_8830893,CUST_02,Food,Item_21_FOOD,35.0,7.0,245.0,Cash,Online,2024-06-30,True
TXN_9727406,CUST_06,Milk Products,Item_3_MILK,8.0,8.0,64.0,Digital Wallet,In-store,2022-02-06,True
TXN_5230040,CUST_25,Beverages,Item_1_BEV,5.0,5.0,25.0,Digital Wallet,Online,2022-07-12,False
TXN_9038605,CUST_09,Milk Products,Item_4_MILK,9.5,2.0,19.0,Credit Card,In-store,2024-12-25,True
TXN_9614858,CUST_12,Patisserie,Item_4_PAT,9.5,9.0,85.5,Cash,In-store,2023-02-14,
TXN_8837653,CUST_14,Patisserie,Item_20_PAT,33.5,1.0,33.5,Digital Wallet,Online,2024-06-28,False
TXN_1460040,CUST_06,Milk Products,Item_2_MILK,6.5,5.0,32.5,Credit Card,Online,2022-10-23,
TXN_3905417,CUST_12,Furniture,Item_24_FUR,39.5,6.0,237.0,Credit Card,Online,2024-04-14,False
TXN_7819270,CUST_13,Computers and electric accessories,Item_23_CEA,38.0,1.0,38.0,Credit Card,In-store,2024-09-26,False
TXN_1618066,CUST_15,Food,Item_5_FOOD,11.0,3.0,33.0,Digital Wallet,In-store,2022-11-14,
TXN_9539536,CUST_10,Beverages,Item_22_BEV,36.5,1.0,36.5,Credit Card,In-store,2023-04-27,True
TXN_1469385,CUST_11,Food,Item_22_FOOD,36.5,6.0,219.0,Cash,Online,2023-09-08,
TXN_2762873,CUST_22,Food,Item_5_FOOD,11.0,2.0,22.0,Cash,In-store,2023-01-01,
TXN_4556225,CUST_23,Electric household essentials,Item_23_EHE,38.0,10.0,380.0,Cash,In-store,2022-02-09,
TXN_6434080,CUST_01,Butchers,,41.0,,,Cash,Online,2022-06-02,False
TXN_5383494,CUST_15,Butchers,Item_12_BUT,21.5,4.0,86.0,Cash,In-store,2024-10-10,True
TXN_4662227,CUST_11,Food,Item_1_FOOD,5.0,1.0,5.0,Cash,Online,2023-02-20,
TXN_3719807,CUST_19,Furniture,Item_8_FUR,15.5,10.0,155.0,Cash,In-store,2022-06-11,
TXN_7686537,CUST_20,Food,Item_8_FOOD,15.5,3.0,46.5,Cash,Online,2024-09-04,
TXN_1353484,CUST_16,Butchers,Item_20_BUT,33.5,2.0,67.0,Credit Card,Online,2024-02-05,
TXN_9373920,CUST_24,Beverages,Item_14_BEV,24.5,5.0,122.5,Credit Card,Online,2022-05-25,True
TXN_3362687,CUST_11,Patisserie,Item_22_PAT,36.5,9.0,328.5,Digital Wallet,In-store,2022-11-26,False
TXN_2611733,CUST_13,Computers and electric accessories,Item_10_CEA,18.5,7.0,129.5,Credit Card,In-store,2024-11-15,
TXN_6984156,CUST_20,Furniture,Item_19_FUR,32.0,1.0,32.0,Cash,In-store,2022-08-19,
TXN_5158663,CUST_06,Electric household essentials,Item_20_EHE,33.5,7.0,234.5,Digital Wallet,Online,2024-02-01,False
TXN_3507613,CUST_03,Patisserie,Item_1_PAT,5.0,3.0,15.0,Digital Wallet,In-store,2023-11-27,False
TXN_7352034,CUST_09,Computers and electric accessories,Item_7_CEA,14.0,7.0,98.0,Digital Wallet,Online,2023-06-12,False
TXN_8189771,CUST_11,Food,Item_3_FOOD,8.0,9.0,72.0,Cash,In-store,2024-01-02,
TXN_3419658,CUST_02,Patisserie,,,9.0,220.5,Digital Wallet,In-store,2023-07-06,
TXN_9957512,CUST_21,Milk Products,,,5.0,160.0,Digital Wallet,Online,2025-01-14,
TXN_3161464,CUST_02,Butchers,,21.5,,,Credit Card,In-store,2022-06-02,True
TXN_1433405,CUST_20,Beverages,Item_7_BEV,14.0,5.0,70.0,Digital Wallet,In-store,2023-07-20,False
TXN_9963254,CUST_08,Furniture,,27.5,,,Credit Card,In-store,2024-11-14,True
TXN_7771643,CUST_12,Furniture,Item_24_FUR,39.5,10.0,395.0,Credit Card,In-store,2023-03-11,
TXN_8595309,CUST_02,Patisserie,Item_22_PAT,36.5,3.0,109.5,Credit Card,In-store,2022-03-14,
TXN_5713524,CUST_01,Milk Products,Item_11_MILK,20.0,7.0,140.0,Digital Wallet,In-store,2023-07-02,True
TXN_4105300,CUST_03,Milk Products,Item_13_MILK,23.0,4.0,92.0,Credit Card,In-store,2023-08-27,True
TXN_1640128,CUST_16,Food,Item_14_FOOD,24.5,3.0,73.5,Digital Wallet,Online,2024-10-28,True
TXN_7917265,CUST_18,Milk Products,,5.0,,,Cash,In-store,2024-02-18,
TXN_5646983,CUST_19,Butchers,Item_17_BUT,29.0,5.0,145.0,Cash,Online,2023-07-01,True
TXN_6549525,CUST_22,Beverages,Item_14_BEV,24.5,7.0,171.5,Digital Wallet,In-store,2023-10-02,True
TXN_2895936,CUST_12,Milk Products,Item_4_MILK,9.5,6.0,57.0,Cash,Online,2024-12-16,
TXN_8236696,CUST_04,Beverages,Item_2_BEV,6.5,4.0,26.0,Credit Card,Online,2024-08-11,False
TXN_1809144,CUST_10,Patisserie,Item_2_PAT,6.5,6.0,39.0,Digital Wallet,In-store,2024-11-13,True
TXN_8147277,CUST_06,Beverages,Item_18_BEV,30.5,1.0,30.5,Digital Wallet,In-store,2022-12-24,False
TXN_4871252,CUST_17,Beverages,Item_16_BEV,27.5,4.0,110.0,Digital Wallet,Online,2024-03-25,
TXN_3595305,CUST_03,Computers and electric accessories,Item_19_CEA,32.0,1.0,32.0,Cash,In-store,2023-04-16,True
TXN_6274299,CUST_15,Food,Item_17_FOOD,29.0,10.0,290.0,Digital Wallet,In-store,2022-01-18,
TXN_7726623,CUST_11,Beverages,,12.5,,,Credit Card,In-store,2024-12-16,
TXN_1006950,CUST_06,Food,Item_10_FOOD,18.5,5.0,92.5,Cash,Online,2023-08-03,True
TXN_4284887,CUST_01,Computers and electric accessories,Item_2_CEA,6.5,9.0,58.5,Cash,Online,2022-10-26,True
TXN_9881750,CUST_01,Furniture,Item_6_FUR,12.5,8.0,100.0,Cash,In-store,2024-10-19,
TXN_5331650,CUST_08,Milk Products,Item_7_MILK,14.0,8.0,112.0,Digital Wallet,Online,2023-04-03,False
TXN_9082199,CUST_09,Beverages,,,9.0,220.5,Digital Wallet,In-store,2024-09-02,False
TXN_1341677,CUST_18,Furniture,Item_25_FUR,41.0,1.0,41.0,Cash,In-store,2024-07-25,
TXN_1130015,CUST_23,Milk Products,,9.5,,,Cash,In-store,2024-03-27,False
TXN_6639567,CUST_08,Furniture,Item_21_FUR,35.0,10.0,350.0,Credit Card,Online,2024-06-30,
TXN_3681075,CUST_22,Butchers,Item_21_BUT,35.0,8.0,280.0,Cash,In-store,2022-06-01,True
TXN_8420021,CUST_03,Milk Products,Item_8_MILK,15.5,6.0,93.0,Digital Wallet,Online,2022-03-23,False
TXN_7583557,CUST_14,Milk Products,,9.5,,,Cash,Online,2024-01-04,
TXN_6866610,CUST_06,Electric household essentials,Item_18_EHE,30.5,5.0,152.5,Cash,In-store,2023-05-05,False
TXN_1123016,CUST_14,Computers and electric accessories,Item_5_CEA,11.0,9.0,99.0,Digital Wallet,Online,2022-07-21,True
TXN_7112380,CUST_03,Beverages,Item_24_BEV,39.5,5.0,197.5,Credit Card,In-store,2022-07-23,True
TXN_8878037,CUST_23,Furniture,Item_1_FUR,5.0,5.0,25.0,Credit Card,Online,2022-05-04,
TXN_3144181,CUST_13,Food,Item_3_FOOD,8.0,3.0,24.0,Credit Card,Online,2022-11-25,
TXN_6902939,CUST_05,Electric household essentials,Item_6_EHE,12.5,2.0,25.0,Digital Wallet,In-store,2022-12-13,False
TXN_4446737,CUST_11,Beverages,Item_16_BEV,27.5,10.0,275.0,Cash,In-store,2022-03-15,False
TXN_4403790,CUST_21,Furniture,Item_2_FUR,6.5,5.0,32.5,Digital Wallet,Online,2023-03-26,False
TXN_8919663,CUST_21,Electric household essentials,Item_4_EHE,9.5,8.0,76.0,Cash,In-store,2022-01-09,True
TXN_7545653,CUST_22,Milk Products,Item_6_MILK,12.5,2.0,25.0,Digital Wallet,In-store,2022-11-28,True
TXN_4205627,CUST_21,Electric household essentials,Item_5_EHE,11.0,7.0,77.0,Digital Wallet,Online,2024-02-01,False
TXN_2500072,CUST_23,Food,,41.0,,,Cash,Online,2023-02-24,
TXN_7636157,CUST_16,Computers and electric accessories,Item_22_CEA,36.5,5.0,182.5,Digital Wallet,In-store,2022-08-29,
TXN_9884690,CUST_05,Butchers,Item_3_BUT,8.0,3.0,24.0,Credit Card,Online,2022-10-24,False
TXN_7249444,CUST_14,Computers and electric accessories,Item_18_CEA,30.5,10.0,305.0,Digital Wallet,In-store,2023-10-28,False
TXN_1803828,CUST_03,Food,Item_25_FOOD,41.0,7.0,287.0,Digital Wallet,Online,2022-11-20,True
TXN_7224484,CUST_22,Milk Products,Item_23_MILK,38.0,1.0,38.0,Cash,Online,2022-11-03,True
TXN_6402109,CUST_23,Beverages,Item_20_BEV,33.5,6.0,201.0,Cash,In-store,2022-04-03,False
TXN_6917746,CUST_05,Computers and electric accessories,,20.0,,,Cash,Online,2022-09-17,
TXN_3467911,CUST_21,Electric household essentials,Item_4_EHE,9.5,7.0,66.5,Cash,Online,2022-05-14,True
TXN_9738373,CUST_02,Furniture,Item_7_FUR,14.0,8.0,112.0,Credit Card,Online,2023-09-15,True
TXN_5374685,CUST_05,Beverages,Item_20_BEV,33.5,7.0,234.5,Credit Card,Online,2024-11-21,False
TXN_3881126,CUST_23,Food,Item_20_FOOD,33.5,7.0,234.5,Credit Card,Online,2022-08-14,False
TXN_3342562,CUST_10,Butchers,Item_23_BUT,38.0,5.0,190.0,Credit Card,In-store,2023-06-11,
TXN_7898844,CUST_13,Electric household essentials,Item_10_EHE,18.5,1.0,18.5,Cash,Online,2023-09-14,True
TXN_4807004,CUST_02,Milk Products,Item_13_MILK,23.0,2.0,46.0,Cash,In-store,2024-10-05,True
TXN_7478459,CUST_22,Furniture,Item_8_FUR,15.5,5.0,77.5,Credit Card,Online,2022-01-05,
TXN_5149787,CUST_05,Butchers,Item_25_BUT,41.0,9.0,369.0,Credit Card,Online,2024-02-18,True
TXN_4407458,CUST_14,Electric household essentials,Item_17_EHE,29.0,9.0,261.0,Cash,Online,2023-03-26,False
TXN_3739937,CUST_02,Computers and electric accessories,Item_9_CEA,17.0,6.0,102.0,Credit Card,Online,2024-03-01,True
TXN_1275355,CUST_04,Computers and electric accessories,Item_12_CEA,21.5,2.0,43.0,Cash,In-store,2022-01-10,
TXN_1877555,CUST_18,Butchers,Item_25_BUT,41.0,9.0,369.0,Credit Card,In-store,2024-03-03,True
TXN_1310355,CUST_06,Furniture,Item_18_FUR,30.5,7.0,213.5,Cash,Online,2023-01-16,False
TXN_9036436,CUST_15,Patisserie,Item_11_PAT,20.0,5.0,100.0,Credit Card,In-store,2024-09-08,
TXN_2774355,CUST_14,Beverages,Item_15_BEV,26.0,6.0,156.0,Cash,In-store,2023-10-19,True
TXN_3802505,CUST_13,Beverages,Item_4_BEV,9.5,3.0,28.5,Cash,Online,2022-01-13,True
TXN_2422679,CUST_07,Computers and electric accessories,Item_10_CEA,18.5,4.0,74.0,Digital Wallet,Online,2022-06-01,
TXN_1882050,CUST_06,Patisserie,,24.5,,,Digital Wallet,In-store,2023-01-28,
TXN_5097238,CUST_09,Electric household essentials,Item_22_EHE,36.5,6.0,219.0,Digital Wallet,In-store,2023-03-20,
TXN_2327962,CUST_12,Electric household essentials,Item_13_EHE,23.0,9.0,207.0,Credit Card,Online,2023-02-19,True
TXN_7693291,CUST_12,Electric household essentials,Item_6_EHE,12.5,9.0,112.5,Digital Wallet,Online,2025-01-04,False
TXN_4955537,CUST_22,Patisserie,Item_17_PAT,29.0,9.0,261.0,Digital Wallet,In-store,2024-04-23,
TXN_6533918,CUST_07,Furniture,Item_24_FUR,39.5,10.0,395.0,Digital Wallet,Online,2022-12-03,False
TXN_2592664,CUST_14,Milk Products,Item_16_MILK,27.5,5.0,137.5,Credit Card,Online,2023-03-06,False
TXN_3334999,CUST_06,Food,Item_20_FOOD,33.5,10.0,335.0,Digital Wallet,In-store,2023-04-02,True
TXN_9377257,CUST_06,Food,Item_25_FOOD,41.0,6.0,246.0,Digital Wallet,Online,2024-03-04,False
TXN_4674285,CUST_16,Food,Item_10_FOOD,18.5,10.0,185.0,Digital Wallet,In-store,2024-02-05,False
TXN_9841782,CUST_20,Electric household essentials,Item_2_EHE,6.5,7.0,45.5,Cash,Online,2022-07-19,False
TXN_1603699,CUST_17,Computers and electric accessories,Item_2_CEA,6.5,2.0,13.0,Digital Wallet,In-store,2023-10-23,True
TXN_8947708,CUST_04,Butchers,,,2.0,22.0,Cash,In-store,2023-03-20,
TXN_1063182,CUST_01,Beverages,Item_2_BEV,6.5,10.0,65.0,Credit Card,Online,2022-05-02,False
TXN_4717451,CUST_23,Milk Products,Item_7_MILK,14.0,4.0,56.0,Cash,In-store,2023-11-04,False
TXN_1126918,CUST_06,Furniture,Item_6_FUR,12.5,7.0,87.5,Cash,Online,2022-10-23,False
TXN_7759967,CUST_13,Computers and electric accessories,Item_9_CEA,17.0,5.0,85.0,Credit Card,Online,2024-01-03,True
TXN_8359578,CUST_25,Computers and electric accessories,Item_19_CEA,32.0,7.0,224.0,Cash,Online,2023-09-21,
TXN_7513988,CUST_19,Electric household essentials,Item_15_EHE,26.0,5.0,130.0,Cash,In-store,2022-03-09,
TXN_9827001,CUST_15,Butchers,Item_7_BUT,14.0,1.0,14.0,Credit Card,Online,2023-03-20,
TXN_9697733,CUST_13,Beverages,Item_3_BEV,8.0,10.0,80.0,Cash,Online,2024-02-10,False
TXN_7658974,CUST_24,Food,Item_20_FOOD,33.5,1.0,33.5,Cash,In-store,2024-12-30,
TXN_6610649,CUST_22,Beverages,Item_7_BEV,14.0,1.0,14.0,Cash,Online,2024-06-17,False
TXN_2138629,CUST_12,Beverages,Item_8_BEV,15.5,1.0,15.5,Digital Wallet,Online,2022-01-30,False
TXN_1139198,CUST_01,Furniture,Item_17_FUR,29.0,7.0,203.0,Digital Wallet,In-store,2022-11-04,True
TXN_9540741,CUST_14,Milk Products,Item_7_MILK,14.0,2.0,28.0,Credit Card,Online,2022-03-06,True
TXN_4554250,CUST_23,Furniture,,,6.0,246.0,Credit Card,In-store,2022-10-19,False
TXN_6887406,CUST_04,Milk Products,Item_17_MILK,29.0,8.0,232.0,Digital Wallet,Online,2022-03-23,False
TXN_3487125,CUST_09,Butchers,Item_2_BUT,6.5,5.0,32.5,Digital Wallet,Online,2023-06-08,True
TXN_8949747,CUST_21,Milk Products,Item_11_MILK,20.0,10.0,200.0,Digital Wallet,Online,2022-01-29,False
TXN_1224414,CUST_15,Furniture,Item_6_FUR,12.5,5.0,62.5,Digital Wallet,Online,2022-01-23,True
TXN_9312502,CUST_11,Furniture,Item_20_FUR,33.5,8.0,268.0,Cash,Online,2022-09-28,
TXN_8635748,CUST_23,Milk Products,Item_1_MILK,5.0,1.0,5.0,Credit Card,In-store,2023-01-22,
TXN_5627047,CUST_16,Butchers,Item_24_BUT,39.5,7.0,276.5,Cash,Online,2022-02-06,True
TXN_7072572,CUST_13,Milk Products,Item_11_MILK,20.0,1.0,20.0,Cash,In-store,2022-01-13,True
TXN_8583404,CUST_25,Patisserie,Item_11_PAT,20.0,9.0,180.0,Credit Card,Online,2024-01-27,True
TXN_1524234,CUST_16,Electric household essentials,Item_7_EHE,14.0,10.0,140.0,Digital Wallet,Online,2022-11-12,False
TXN_5969755,CUST_16,Milk Products,Item_19_MILK,32.0,4.0,128.0,Cash,Online,2023-12-25,True
TXN_9719760,CUST_20,Butchers,Item_20_BUT,33.5,7.0,234.5,Credit Card,In-store,2022-10-16,
TXN_8872470,CUST_02,Electric household essentials,Item_19_EHE,32.0,1.0,32.0,Credit Card,Online,2024-12-18,
TXN_6447825,CUST_19,Food,Item_17_FOOD,29.0,7.0,203.0,Cash,In-store,2024-07-01,False
TXN_7182790,CUST_23,Food,Item_25_FOOD,41.0,4.0,164.0,Credit Card,Online,2023-09-06,True
TXN_4994236,CUST_18,Beverages,Item_24_BEV,39.5,6.0,237.0,Digital Wallet,In-store,2022-12-30,
TXN_6185500,CUST_22,Computers and electric accessories,Item_13_CEA,23.0,7.0,161.0,Cash,In-store,2024-06-04,True
TXN_3201198,CUST_21,Patisserie,Item_12_PAT,21.5,2.0,43.0,Credit Card,In-store,2024-09-09,False
TXN_8030351,CUST_06,Beverages,Item_14_BEV,24.5,1.0,24.5,Digital Wallet,In-store,2024-06-13,False
TXN_2525825,CUST_08,Food,Item_22_FOOD,36.5,3.0,109.5,Digital Wallet,In-store,2024-03-13,False
TXN_9911848,CUST_18,Milk Products,Item_6_MILK,12.5,10.0,125.0,Digital Wallet,In-store,2022-06-08,
TXN_3373651,CUST_08,Patisserie,Item_17_PAT,29.0,10.0,290.0,Cash,In-store,2022-01-21,True
TXN_2344077,CUST_25,Electric household essentials,Item_12_EHE,21.5,10.0,215.0,Credit Card,Online,2024-03-31,True
TXN_6615966,CUST_17,Milk Products,Item_23_MILK,38.0,6.0,228.0,Cash,Online,2023-09-05,True
TXN_2721068,CUST_15,Electric household essentials,Item_6_EHE,12.5,6.0,75.0,Cash,In-store,2023-01-03,False
TXN_4178572,CUST_12,Electric household essentials,Item_19_EHE,32.0,8.0,256.0,Cash,In-store,2024-11-05,
TXN_2728490,CUST_25,Patisserie,Item_10_PAT,18.5,1.0,18.5,Credit Card,Online,2023-10-31,True
TXN_7293964,CUST_14,Computers and electric accessories,Item_21_CEA,35.0,2.0,70.0,Credit Card,Online,2023-06-16,
TXN_6194378,CUST_13,Patisserie,Item_6_PAT,12.5,10.0,125.0,Credit Card,Online,2022-08-13,
TXN_3545596,CUST_10,Beverages,Item_10_BEV,18.5,7.0,129.5,Credit Card,In-store,2023-03-26,True
TXN_5321880,CUST_13,Butchers,Item_20_BUT,33.5,1.0,33.5,Cash,Online,2024-02-25,
TXN_9977844,CUST_18,Patisserie,,36.5,,,Digital Wallet,In-store,2022-12-27,True
TXN_1401211,CUST_16,Patisserie,Item_15_PAT,26.0,5.0,130.0,Digital Wallet,Online,2023-01-02,
TXN_4304033,CUST_14,Milk Products,Item_16_MILK,27.5,4.0,110.0,Cash,Online,2023-12-05,False
TXN_2586658,CUST_15,Butchers,Item_16_BUT,27.5,2.0,55.0,Cash,Online,2022-10-11,False
TXN_4726335,CUST_04,Beverages,Item_2_BEV,6.5,8.0,52.0,Cash,In-store,2023-10-27,
TXN_3219471,CUST_07,Milk Products,Item_11_MILK,20.0,2.0,40.0,Cash,In-store,2022-03-26,False
TXN_9199770,CUST_24,Furniture,Item_4_FUR,9.5,2.0,19.0,Cash,In-store,2022-11-25,True
TXN_1236974,CUST_01,Beverages,,,8.0,76.0,Cash,Online,2023-04-21,False
TXN_6682387,CUST_17,Furniture,Item_25_FUR,41.0,5.0,205.0,Digital Wallet,In-store,2023-03-03,
TXN_3572849,CUST_05,Food,Item_25_FOOD,41.0,6.0,246.0,Credit Card,Online,2023-05-08,True
TXN_6842454,CUST_13,Food,Item_24_FOOD,39.5,1.0,39.5,Credit Card,Online,2023-08-25,
TXN_5603923,CUST_11,Milk Products,Item_16_MILK,27.5,9.0,247.5,Cash,Online,2023-06-14,
TXN_5503377,CUST_09,Computers and electric accessories,Item_16_CEA,27.5,4.0,110.0,Credit Card,Online,2023-07-13,True
TXN_9665063,CUST_14,Food,Item_9_FOOD,17.0,9.0,153.0,Credit Card,In-store,2023-05-26,
TXN_2258785,CUST_16,Butchers,Item_3_BUT,8.0,10.0,80.0,Cash,In-store,2023-01-13,False
TXN_8012805,CUST_24,Milk Products,Item_9_MILK,17.0,2.0,34.0,Credit Card,In-store,2022-11-22,False
TXN_3671517,CUST_13,Milk Products,Item_1_MILK,5.0,9.0,45.0,Digital Wallet,In-store,2024-01-06,False
TXN_8610139,CUST_14,Butchers,Item_25_BUT,41.0,6.0,246.0,Cash,In-store,2023-11-15,
TXN_7069237,CUST_08,Beverages,Item_12_BEV,21.5,9.0,193.5,Credit Card,In-store,2023-11-28,False
TXN_4920125,CUST_10,Food,Item_6_FOOD,12.5,1.0,12.5,Digital Wallet,In-store,2023-03-14,False
TXN_6541597,CUST_05,Patisserie,Item_15_PAT,26.0,1.0,26.0,Credit Card,Online,2024-08-12,
TXN_6048384,CUST_07,Butchers,,,4.0,164.0,Cash,Online,2022-05-19,
TXN_3419392,CUST_25,Butchers,Item_18_BUT,30.5,5.0,152.5,Credit Card,Online,2024-12-14,False
TXN_5775795,CUST_14,Food,Item_13_FOOD,23.0,9.0,207.0,Credit Card,Online,2023-01-17,
TXN_2206258,CUST_14,Butchers,Item_4_BUT,9.5,1.0,9.5,Digital Wallet,Online,2022-07-08,
TXN_5149491,CUST_13,Milk Products,Item_16_MILK,27.5,10.0,275.0,Cash,Online,2022-05-21,True
TXN_9892705,CUST_10,Butchers,Item_17_BUT,29.0,3.0,87.0,Cash,Online,2024-11-06,
TXN_9080551,CUST_21,Beverages,,,2.0,28.0,Digital Wallet,Online,2022-07-21,False
TXN_5317550,CUST_23,Furniture,Item_17_FUR,29.0,4.0,116.0,Credit Card,In-store,2024-05-14,True
TXN_9071198,CUST_05,Beverages,Item_2_BEV,6.5,8.0,52.0,Credit Card,Online,2022-10-31,False
TXN_3588227,CUST_22,Butchers,Item_22_BUT,36.5,8.0,292.0,Credit Card,Online,2022-05-09,True
TXN_5505701,CUST_04,Milk Products,Item_11_MILK,20.0,10.0,200.0,Digital Wallet,In-store,2024-07-08,False
TXN_9211951,CUST_10,Furniture,Item_8_FUR,15.5,6.0,93.0,Cash,Online,2024-02-16,True
TXN_2420813,CUST_10,Computers and electric accessories,Item_3_CEA,8.0,9.0,72.0,Digital Wallet,In-store,2022-06-13,
TXN_9910150,CUST_08,Electric household essentials,Item_9_EHE,17.0,4.0,68.0,Digital Wallet,Online,2022-05-23,True
TXN_2328430,CUST_22,Furniture,Item_25_FUR,41.0,6.0,246.0,Credit Card,Online,2024-07-07,
TXN_3381866,CUST_16,Beverages,Item_20_BEV,33.5,8.0,268.0,Digital Wallet,Online,2024-09-07,False
TXN_1451562,CUST_04,Food,Item_14_FOOD,24.5,7.0,171.5,Digital Wallet,Online,2022-07-24,
TXN_3836955,CUST_05,Milk Products,Item_22_MILK,36.5,5.0,182.5,Digital Wallet,In-store,2024-11-21,True
TXN_1899099,CUST_06,Food,Item_1_FOOD,5.0,3.0,15.0,Cash,In-store,2022-08-06,True
TXN_6594654,CUST_22,Patisserie,Item_5_PAT,11.0,9.0,99.0,Cash,In-store,2023-10-11,
TXN_4029684,CUST_16,Furniture,Item_21_FUR,35.0,7.0,245.0,Digital Wallet,In-store,2024-04-19,True
TXN_1097532,CUST_02,Beverages,Item_12_BEV,21.5,3.0,64.5,Digital Wallet,Online,2022-03-01,False
TXN_1141808,CUST_23,Patisserie,Item_8_PAT,15.5,2.0,31.0,Credit Card,Online,2022-03-14,False
TXN_3519483,CUST_03,Butchers,Item_8_BUT,15.5,8.0,124.0,Credit Card,Online,2022-12-16,True
TXN_7472400,CUST_16,Patisserie,,12.5,,,Credit Card,In-store,2022-05-14,True
TXN_5630572,CUST_04,Patisserie,Item_24_PAT,39.5,7.0,276.5,Digital Wallet,Online,2023-10-05,True
TXN_3886696,CUST_01,Electric household essentials,Item_9_EHE,17.0,9.0,153.0,Cash,Online,2024-12-18,True
TXN_3642410,CUST_12,Milk Products,Item_7_MILK,14.0,2.0,28.0,Digital Wallet,In-store,2024-10-08,False
TXN_1704457,CUST_18,Furniture,Item_17_FUR,29.0,5.0,145.0,Credit Card,In-store,2024-04-01,
TXN_8373559,CUST_23,Computers and electric accessories,,,3.0,51.0,Digital Wallet,Online,2022-11-19,False
TXN_5936341,CUST_23,Patisserie,Item_19_PAT,32.0,8.0,256.0,Digital Wallet,Online,2022-07-13,True
TXN_1558197,CUST_01,Food,Item_20_FOOD,33.5,6.0,201.0,Digital Wallet,Online,2024-04-23,True
TXN_9102543,CUST_13,Butchers,Item_20_BUT,33.5,3.0,100.5,Cash,In-store,2024-05-28,
TXN_1509297,CUST_04,Beverages,Item_14_BEV,24.5,1.0,24.5,Credit Card,In-store,2023-07-16,True
TXN_6253708,CUST_12,Furniture,Item_15_FUR,26.0,6.0,156.0,Digital Wallet,In-store,2022-11-03,True
TXN_7928944,CUST_15,Computers and electric accessories,Item_3_CEA,8.0,5.0,40.0,Credit Card,Online,2023-07-22,
TXN_4576075,CUST_09,Furniture,Item_8_FUR,15.5,9.0,139.5,Digital Wallet,In-store,2024-10-16,
TXN_2276275,CUST_13,Milk Products,Item_22_MILK,36.5,9.0,328.5,Cash,In-store,2022-04-29,True
TXN_5512573,CUST_08,Patisserie,Item_1_PAT,5.0,10.0,50.0,Cash,Online,2024-05-13,
TXN_8514415,CUST_03,Furniture,Item_8_FUR,15.5,8.0,124.0,Cash,Online,2022-12-21,True
TXN_7232932,CUST_21,Electric household essentials,Item_16_EHE,27.5,1.0,27.5,Cash,Online,2022-04-16,False
TXN_8935474,CUST_08,Computers and electric accessories,,41.0,,,Credit Card,Online,2024-12-26,False
TXN_8219862,CUST_07,Electric household essentials,Item_12_EHE,21.5,3.0,64.5,Digital Wallet,In-store,2022-08-11,False
TXN_6959326,CUST_14,Milk Products,Item_4_MILK,9.5,8.0,76.0,Credit Card,In-store,2023-04-14,
TXN_4483598,CUST_02,Patisserie,Item_14_PAT,24.5,7.0,171.5,Digital Wallet,In-store,2024-09-06,True
TXN_7332563,CUST_13,Food,Item_13_FOOD,23.0,2.0,46.0,Cash,In-store,2024-03-05,
TXN_1362426,CUST_20,Beverages,Item_2_BEV,6.5,3.0,19.5,Credit Card,Online,2024-07-14,True
TXN_9372793,CUST_17,Food,Item_8_FOOD,15.5,9.0,139.5,Digital Wallet,In-store,2023-11-11,False
TXN_2190866,CUST_03,Butchers,Item_23_BUT,38.0,5.0,190.0,Cash,Online,2024-01-26,True
